﻿Country Name,Country Code,Indicator Name,Indicator Code,2000,2001,2002,2003,2004,2005,2006,2007,2008,2009,2010,2011,2012,2013,2014,2015,2016,2017
Aruba,ABW,"External debt stocks, total (DOD, current US$)",DT.DOD.DECT.CD,,,,,,,,,,,,,,,,,,
Afghanistan,AFG,"External debt stocks, total (DOD, current US$)",DT.DOD.DECT.CD,,,,,,,979344507.8,2023034713,2143951791,2480214114,2435623906,2627714623,2729151878,2586976890,2612976572,2520275122,2432913668,2551782760
Angola,AGO,"External debt stocks, total (DOD, current US$)",DT.DOD.DECT.CD,9763465564,8776917205,9109536719,9099850424,9786029392,12223970247,9890493323,11931686535,15501571033,17014267589,16949091911,19298251295,21106470239,25003934465,28902788893,27991039712,35364610215,37201179124
Albania,ALB,"External debt stocks, total (DOD, current US$)",DT.DOD.DECT.CD,1122377829,1154928426,1181531103,1552156220,1606135184,2101163197,2465360702,2897756965,4238093383,4587545148,5372234130,6330314179,7176186040,8821566703,8399731747,8207619161,8340912384,9114636797
Andorra,AND,"External debt stocks, total (DOD, current US$)",DT.DOD.DECT.CD,,,,,,,,,,,,,,,,,,
United Arab Emirates,ARE,"External debt stocks, total (DOD, current US$)",DT.DOD.DECT.CD,,,,,,,,,,,,,,,,,,
Argentina,ARG,"External debt stocks, total (DOD, current US$)",DT.DOD.DECT.CD,,,,,,,,,,,,,,,,,,
Armenia,ARM,"External debt stocks, total (DOD, current US$)",DT.DOD.DECT.CD,1018418174,1410424531,1719549290,1996130970,2107914571,1969824793,2138883503,3081934925,3612490093,4934959250,6307170669,7410792665,7640566739,8681090933,8555658358,8931020972,9955623313,10334717739
American Samoa,ASM,"External debt stocks, total (DOD, current US$)",DT.DOD.DECT.CD,,,,,,,,,,,,,,,,,,
Antigua and Barbuda,ATG,"External debt stocks, total (DOD, current US$)",DT.DOD.DECT.CD,,,,,,,,,,,,,,,,,,
Australia,AUS,"External debt stocks, total (DOD, current US$)",DT.DOD.DECT.CD,,,,,,,,,,,,,,,,,,
Austria,AUT,"External debt stocks, total (DOD, current US$)",DT.DOD.DECT.CD,,,,,,,,,,,,,,,,,,
Azerbaijan,AZE,"External debt stocks, total (DOD, current US$)",DT.DOD.DECT.CD,1585215993,1515370498,1691663803,1941119870,2169229387,2247015897,2798140349,3904857355,4496869388,4556215906,7278665192,7760470779,10918233399,10700499453,12350066965,13758333699,15016289975,15253903003
Burundi,BDI,"External debt stocks, total (DOD, current US$)",DT.DOD.DECT.CD,1125869261,1093536451,1232214637,1348337839,1357933155,1287893069,1371901890,1409730477,1390288829,607230101.8,620923162,604409004.8,667315097.4,683609365,690168169.4,625980490.9,602774443.7,613403986.8
Belgium,BEL,"External debt stocks, total (DOD, current US$)",DT.DOD.DECT.CD,,,,,,,,,,,,,,,,,,
Benin,BEN,"External debt stocks, total (DOD, current US$)",DT.DOD.DECT.CD,1399684852,1470316527,1608563111,1485978703,1612808822,1551746380,648364659.4,883287848,973593422,1309266250,1581966899,1851264435,2042029674,2003816464,2037012838,2183011334,2315997907,2897060213
Burkina Faso,BFA,"External debt stocks, total (DOD, current US$)",DT.DOD.DECT.CD,1437932410,1507804344,1554667581,1745974389,1931701210,2000595478,1131707065,1465184536,1583206199,1916660539,2148428013,2290315844,2519205091,2564600412,2542888208,2622004631,2818068758,3119262504
Bangladesh,BGD,"External debt stocks, total (DOD, current US$)",DT.DOD.DECT.CD,15602839578,14980996651,16689960904,18442972079,19716785247,18505581562,20162654660,21574988677,23407587068,25437536212,26880728269,27276716590,28558969428,31839022356,33004821437,36305407015,38819709415,47154756010
Bulgaria,BGR,"External debt stocks, total (DOD, current US$)",DT.DOD.DECT.CD,12008623065,11274814332,12313486730,14259733783,16620274378,18507353592,28007279112,43822454675,53065088715,55670272323,50634705986,47642122518,51299201026,51473312877,46888511861,40115313563,39656831251,40438225251
Bahrain,BHR,"External debt stocks, total (DOD, current US$)",DT.DOD.DECT.CD,,,,,,,,,,,,,,,,,,
"Bahamas, The",BHS,"External debt stocks, total (DOD, current US$)",DT.DOD.DECT.CD,,,,,,,,,,,,,,,,,,
Bosnia and Herzegovina,BIH,"External debt stocks, total (DOD, current US$)",DT.DOD.DECT.CD,2791207815,2666165629,3166667573,4484507658,5517180309,7007652583,8616906730,11568599661,13108605425,14005774333,14289296948,14347317957,14120385050,14694520448,13669534452,13771173982,14226495246,14495099740
Belarus,BLR,"External debt stocks, total (DOD, current US$)",DT.DOD.DECT.CD,2620196263,2798732257,3399007710,3779551001,4601438650,5300175947,6562099700,12526106964,15152844791,22078685410,28412146649,33932546341,33755737465,39573470268,40013831194,38257920998,37515947049,39584221158
Belize,BLZ,"External debt stocks, total (DOD, current US$)",DT.DOD.DECT.CD,629903800.8,721979991.7,849529037.9,1061730342,964610392.5,1021918269,1053041126,1074413699,1274805808,1290297231,1303112871,1274030747,1195809889,1248237044,1286020396,1330550140,1344056669,1399486309
Bermuda,BMU,"External debt stocks, total (DOD, current US$)",DT.DOD.DECT.CD,,,,,,,,,,,,,,,,,,
Bolivia,BOL,"External debt stocks, total (DOD, current US$)",DT.DOD.DECT.CD,5897354037,4798468575,5111794025,5869371932,6289937493,6972675155,6261066460,5070347402,5706465018,5785847241,5781903641,6187406374,6622489004,8147210827,8889118271,9900124496,10999020317,12989922752
Brazil,BRA,"External debt stocks, total (DOD, current US$)",DT.DOD.DECT.CD,2.43E+11,2.30E+11,2.32E+11,2.36E+11,2.21E+11,1.88E+11,1.94E+11,2.38E+11,2.63E+11,2.82E+11,3.52E+11,4.04E+11,4.41E+11,4.84E+11,5.57E+11,5.43E+11,5.43E+11,5.43E+11
Barbados,BRB,"External debt stocks, total (DOD, current US$)",DT.DOD.DECT.CD,,,,,,,,,,,,,,,,,,
Brunei Darussalam,BRN,"External debt stocks, total (DOD, current US$)",DT.DOD.DECT.CD,,,,,,,,,,,,,,,,,,
Bhutan,BTN,"External debt stocks, total (DOD, current US$)",DT.DOD.DECT.CD,211571982.8,272712510.2,386049931.1,493626169.2,601316819.9,656602174.2,721112613.6,801238273.2,693075804.2,786647644.7,934629294.4,1071601122,1449649050,1603150602,1836093965,2013104005,2313025394,2635759773
Botswana,BWA,"External debt stocks, total (DOD, current US$)",DT.DOD.DECT.CD,452434627.4,400352880.4,491350071,514126449.3,515796292.8,460538960.4,364731487.2,425189546.8,448508779.9,1643300883,1806938427,2395188969,2517053996,2379266381,2545567084,2221455691,2099523775,1740063200
Central African Republic,CAF,"External debt stocks, total (DOD, current US$)",DT.DOD.DECT.CD,869008795.3,834810718.1,1083576141,1064243826,1116732592,1044778987,1049101554,1029858390,998708752.1,550619216,634315034.6,571428762.2,577439209.4,597744245.3,661778091,682381188.9,687739639.6,730693382.8
Canada,CAN,"External debt stocks, total (DOD, current US$)",DT.DOD.DECT.CD,,,,,,,,,,,,,,,,,,
Switzerland,CHE,"External debt stocks, total (DOD, current US$)",DT.DOD.DECT.CD,,,,,,,,,,,,,,,,,,
Chile,CHL,"External debt stocks, total (DOD, current US$)",DT.DOD.DECT.CD,,,,,,,,,,,,,,,,,,
China,CHN,"External debt stocks, total (DOD, current US$)",DT.DOD.DECT.CD,1.46E+11,1.84E+11,1.85E+11,2.07E+11,2.46E+11,2.83E+11,3.23E+11,3.73E+11,3.80E+11,4.48E+11,7.34E+11,1.04E+12,1.14E+12,1.47E+12,1.77E+12,1.33E+12,1.42E+12,1.71E+12
Cote d'Ivoire,CIV,"External debt stocks, total (DOD, current US$)",DT.DOD.DECT.CD,12059905376,11620368634,11708673980,11680518563,13178855340,12010684932,13644008875,14385487798,12967578598,14896216997,11703803458,12791431322,9543607215,9852043141,9790160530,11373771729,11534459908,13432867414
Cameroon,CMR,"External debt stocks, total (DOD, current US$)",DT.DOD.DECT.CD,10561281361,9748844313,10285903206,11408147626,10855781346,7700088638,3418557459,3085552121,2835553588,3237322348,3190736900,3094903049,3888299069,5172212808,5757840916,7252184478,8186188728,10396468447
"Congo, Dem. Rep.",COD,"External debt stocks, total (DOD, current US$)",DT.DOD.DECT.CD,11815384526,11623277087,10062797856,11444763788,11535209857,10694723345,11336908419,12469708773,12306285090,13102298536,6145382482,5507619595,5623973344,6177069320,5522883766,5388170051,5077929544,5127686566
"Congo, Rep.",COG,"External debt stocks, total (DOD, current US$)",DT.DOD.DECT.CD,4675949722,4820677199,5012243895,5537629589,6834196169,6293459092,6679740603,5276359987,5391070245,5032926828,2410094955,2632242613,2837319188,3449437355,3903049275,4060194276,3830067786,4455512969
Colombia,COL,"External debt stocks, total (DOD, current US$)",DT.DOD.DECT.CD,34409248551,36694196486,33661481522,37404166936,38317159040,37575091480,38418612305,44119074170,46835510093,53474206307,64227683454,76128211751,79316296673,92063970748,1.04E+11,1.13E+11,1.20E+11,1.24E+11
Comoros,COM,"External debt stocks, total (DOD, current US$)",DT.DOD.DECT.CD,232285377.4,242747448.1,270536977.6,289991668.2,304262777.8,288623246,293423707,287667291,276201185.1,286766514,278373937.8,275725988.2,252330024.2,147531331.2,141753761.5,130562654.7,159395781.4,165557974.6
Cabo Verde,CPV,"External debt stocks, total (DOD, current US$)",DT.DOD.DECT.CD,319703769.2,345641178.3,387894289.8,441401882.3,464179206.7,477481514.4,524173293.2,580579758.5,626140970.8,726699325.6,892425455.5,1038634782,1244894905,1487956366,1543466603,1542544247,1542561687,1761710518
Costa Rica,CRI,"External debt stocks, total (DOD, current US$)",DT.DOD.DECT.CD,4692408664,4886538322,5070865565,5650888483,5710643832,6485430912,6993562814,8410942484,8838788690,7760168637,8154409880,10271452442,14310369556,17134573111,19722089478,23588779416,25562670680,25614749361
Cuba,CUB,"External debt stocks, total (DOD, current US$)",DT.DOD.DECT.CD,,,,,,,,,,,,,,,,,,
Cayman Islands,CYM,"External debt stocks, total (DOD, current US$)",DT.DOD.DECT.CD,,,,,,,,,,,,,,,,,,
Cyprus,CYP,"External debt stocks, total (DOD, current US$)",DT.DOD.DECT.CD,,,,,,,,,,,,,,,,,,
Czech Republic,CZE,"External debt stocks, total (DOD, current US$)",DT.DOD.DECT.CD,,,,,,,,,,,,,,,,,,
Germany,DEU,"External debt stocks, total (DOD, current US$)",DT.DOD.DECT.CD,,,,,,,,,,,,,,,,,,
Djibouti,DJI,"External debt stocks, total (DOD, current US$)",DT.DOD.DECT.CD,297640325.2,299481210.7,358436688.1,395298449.8,459978368.8,486581369.4,566294148.7,812526518.3,846492862.8,897132738.4,778580349.3,779110751.3,811675590.7,828276633.9,949536976.9,1233235686,1707282104,2057140974
Dominica,DMA,"External debt stocks, total (DOD, current US$)",DT.DOD.DECT.CD,183329449.5,232891070.6,248883164.5,307393729.2,324952433,294216801.6,272826815,265526478.1,260470785.8,271883558.1,271398373.2,280448697.4,304779240.8,309862673.4,308231977.4,314210848.5,297064254.7,295572639.7
Denmark,DNK,"External debt stocks, total (DOD, current US$)",DT.DOD.DECT.CD,,,,,,,,,,,,,,,,,,
Dominican Republic,DOM,"External debt stocks, total (DOD, current US$)",DT.DOD.DECT.CD,4617977128,5212380882,6574924041,7276848800,7818993971,7751825568,9219827515,10747913579,10609348066,11853860788,13498619112,15097329632,22101553441,23957824117,26269414927,26658530060,28012697534,29772192885
Algeria,DZA,"External debt stocks, total (DOD, current US$)",DT.DOD.DECT.CD,25467370754,22752566963,23045429383,23778635838,22426644863,17092403777,5910806241,6134513403,6246397603,7420896327,7260318009,6064672167,5515632309,5245580634,5521299159,4671369333,5463161353,5699174726
Ecuador,ECU,"External debt stocks, total (DOD, current US$)",DT.DOD.DECT.CD,17112894123,17744378029,19515994108,19906133231,20562096166,20357302897,20319893391,21043047480,19050113875,13350571469,15045678677,15898724654,16400367595,18618702944,24150924432,27310125823,33717131357,39536328042
"Egypt, Arab Rep.",EGY,"External debt stocks, total (DOD, current US$)",DT.DOD.DECT.CD,29232716501,28331673242,29671747582,30467606765,31403286339,30575696632,31025131833,34594605134,33911646197,35398939570,36776374990,35176397938,40029478090,46502855485,41742762063,48339629776,67640714957,82885874271
Eritrea,ERI,"External debt stocks, total (DOD, current US$)",DT.DOD.DECT.CD,329696750.6,432797640.1,540750572.1,656094138.2,760244436.6,757208868.8,822735305.2,896724741.4,997784245.2,1050653956,1041548234,1055238567,994092207.5,945385521.7,907680452,872986739.1,795977669.5,818530216.5
Spain,ESP,"External debt stocks, total (DOD, current US$)",DT.DOD.DECT.CD,,,,,,,,,,,,,,,,,,
Estonia,EST,"External debt stocks, total (DOD, current US$)",DT.DOD.DECT.CD,,,,,,,,,,,,,,,,,,
Ethiopia,ETH,"External debt stocks, total (DOD, current US$)",DT.DOD.DECT.CD,5516263792,5745843979,6552441033,7281813432,6568177207,6175805430,2220991209,2591387173,2846424291,5360207434,7286199659,8606448544,10463932699,12584252083,16945031246,21021128589,23793735548,26562058551
Fragile and conflict affected situations,FCS,"External debt stocks, total (DOD, current US$)",DT.DOD.DECT.CD,,,,,,,,,,,,,,,,,,
Finland,FIN,"External debt stocks, total (DOD, current US$)",DT.DOD.DECT.CD,,,,,,,,,,,,,,,,,,
Fiji,FJI,"External debt stocks, total (DOD, current US$)",DT.DOD.DECT.CD,194527935.4,181389690.1,211378367.3,258131310.3,263742090.4,302666509.7,373224464.8,397932776.2,415817436.7,554191268.5,607484022.4,888187517.9,785418618.1,834925600.6,906610379.1,851951396.2,899330724.9,899443373.7
France,FRA,"External debt stocks, total (DOD, current US$)",DT.DOD.DECT.CD,,,,,,,,,,,,,,,,,,
Faroe Islands,FRO,"External debt stocks, total (DOD, current US$)",DT.DOD.DECT.CD,,,,,,,,,,,,,,,,,,
"Micronesia, Fed. Sts.",FSM,"External debt stocks, total (DOD, current US$)",DT.DOD.DECT.CD,,,,,,,,,,,,,,,,,,
Gabon,GAB,"External debt stocks, total (DOD, current US$)",DT.DOD.DECT.CD,3920063373,3436506383,3491984397,3770533728,4083319296,3896913289,4203328755,4859769207,2152838324,2324460887,2523862522,2798398536,2869663553,4323201448,4256796073,5057388740,5076489961,6165574114
United Kingdom,GBR,"External debt stocks, total (DOD, current US$)",DT.DOD.DECT.CD,,,,,,,,,,,,,,,,,,
Georgia,GEO,"External debt stocks, total (DOD, current US$)",DT.DOD.DECT.CD,1825515849,1909485070,2034422947,2148630818,2316620171,2151260501,2573385096,2986949884,7721515062,8672797230,8790390910,10817606103,12124714164,13103272483,13657392726,14374616832,15820113586,15756230740
Ghana,GHA,"External debt stocks, total (DOD, current US$)",DT.DOD.DECT.CD,6743341663,6860995877,7640294825,8301000838,7239727089,7334159726,3697631450,5041282559,5461774650,7384999325,9110081791,11220505877,12833231705,16637894976,18369503449,20633290347,21371491051,22022402494
Gibraltar,GIB,"External debt stocks, total (DOD, current US$)",DT.DOD.DECT.CD,,,,,,,,,,,,,,,,,,
Guinea,GIN,"External debt stocks, total (DOD, current US$)",DT.DOD.DECT.CD,3091805661,2924005462,3168691530,3177910340,3402605291,3362508935,3437984272,3574543427,3411874872,3414563456,3381303608,3329479938,1380761108,1404462644,1419800225,1389403933,1380805564,1489238613
"Gambia, The",GMB,"External debt stocks, total (DOD, current US$)",DT.DOD.DECT.CD,490095321.7,494465870.5,583707793.6,643387382.1,681059472.1,667068110.3,717772695,700067929.4,400957387.8,528547671.7,550539337.4,513194236.8,548787584.3,558271501,530560496.3,534952585.1,516030455.2,650078133.9
Guinea-Bissau,GNB,"External debt stocks, total (DOD, current US$)",DT.DOD.DECT.CD,948834343.1,903107735.5,977940699.6,1065441068,1114785117,1022672668,1047373768,1092302823,1099282943,1150023338,1108951240,283671811.9,279451212.1,277396677,271384506.6,314873523.5,294993698.4,328361151.1
Equatorial Guinea,GNQ,"External debt stocks, total (DOD, current US$)",DT.DOD.DECT.CD,,,,,,,,,,,,,,,,,,
Greece,GRC,"External debt stocks, total (DOD, current US$)",DT.DOD.DECT.CD,,,,,,,,,,,,,,,,,,
Grenada,GRD,"External debt stocks, total (DOD, current US$)",DT.DOD.DECT.CD,199420878.4,235652510.6,372086143.1,369076336.6,429599096.4,362225849.5,452574948.4,487671808.2,538874448.7,556610998.4,560589966.8,532309611.8,589257177.2,586831029.3,637672273.9,597559584,597166033.6,531745177.6
Greenland,GRL,"External debt stocks, total (DOD, current US$)",DT.DOD.DECT.CD,,,,,,,,,,,,,,,,,,
Guatemala,GTM,"External debt stocks, total (DOD, current US$)",DT.DOD.DECT.CD,3948027446,4381821175,4527094224,5157578026,8094354234,9506426234,10946171835,12678187392,13823078748,14824423718,15043073564,16281345424,15367094556,17484024519,19511837339,20378217824,21479829243,22992691189
Guam,GUM,"External debt stocks, total (DOD, current US$)",DT.DOD.DECT.CD,,,,,,,,,,,,,,,,,,
Guyana,GUY,"External debt stocks, total (DOD, current US$)",DT.DOD.DECT.CD,1374473167,1327603202,1390166088,1454158542,1368422040,1238833545,1163165912,848663074.1,990493994.7,1427924570,1408397852,2006674225,1974229281,2302020564,2341949127,1639118012,1638999037,1589279380
"Hong Kong SAR, China",HKG,"External debt stocks, total (DOD, current US$)",DT.DOD.DECT.CD,,,,,,,,,,,,,,,,,,
Honduras,HND,"External debt stocks, total (DOD, current US$)",DT.DOD.DECT.CD,5614356650,5158145828,5491495664,5656942755,6205542461,5170226184,3987694942,2999794924,3489094356,3805642443,3976636904,4387605976,5054989598,6830942363,7328842972,7585210265,7579326617,8670889856
Croatia,HRV,"External debt stocks, total (DOD, current US$)",DT.DOD.DECT.CD,,,,,,,,,,,,,,,,,,
Haiti,HTI,"External debt stocks, total (DOD, current US$)",DT.DOD.DECT.CD,1203393476,1285544239,1280698139,1364909987,1331162872,1346851158,1524872000,1601448631,1964205511,1448330668,959027834.3,775815587.7,1163367489,1571636195,1956526747,2100725137,2172412708,2212928716
Hungary,HUN,"External debt stocks, total (DOD, current US$)",DT.DOD.DECT.CD,,,,,,,,,,,,,,,,,,
Indonesia,IDN,"External debt stocks, total (DOD, current US$)",DT.DOD.DECT.CD,1.44E+11,1.33E+11,1.28E+11,1.34E+11,1.38E+11,1.42E+11,1.36E+11,1.48E+11,1.58E+11,1.79E+11,1.98E+11,2.20E+11,2.53E+11,2.65E+11,2.93E+11,3.06E+11,3.21E+11,3.54E+11
India,IND,"External debt stocks, total (DOD, current US$)",DT.DOD.DECT.CD,1.01E+11,99500093586,1.06E+11,1.19E+11,1.24E+11,1.21E+11,1.60E+11,2.04E+11,2.27E+11,2.56E+11,2.90E+11,3.34E+11,3.93E+11,4.27E+11,4.58E+11,4.79E+11,4.56E+11,5.13E+11
Ireland,IRL,"External debt stocks, total (DOD, current US$)",DT.DOD.DECT.CD,,,,,,,,,,,,,,,,,,
"Iran, Islamic Rep.",IRN,"External debt stocks, total (DOD, current US$)",DT.DOD.DECT.CD,8130253479,7647078565,8934505230,14235372771,20950347847,21393520936,20494226261,20834072180,16026650175,18609984964,19768742370,17260291984,7471977615,6993575592,5796814722,6373176951,5447654566,6276233936
Iraq,IRQ,"External debt stocks, total (DOD, current US$)",DT.DOD.DECT.CD,,,,,,,,,,,,,,,,,,
Iceland,ISL,"External debt stocks, total (DOD, current US$)",DT.DOD.DECT.CD,,,,,,,,,,,,,,,,,,
Israel,ISR,"External debt stocks, total (DOD, current US$)",DT.DOD.DECT.CD,,,,,,,,,,,,,,,,,,
Italy,ITA,"External debt stocks, total (DOD, current US$)",DT.DOD.DECT.CD,,,,,,,,,,,,,,,,,,
Jamaica,JAM,"External debt stocks, total (DOD, current US$)",DT.DOD.DECT.CD,4827985735,5484756486,5608139724,5726989401,6553560517,6627422418,8121063793,10530735851,10437770844,11123704260,14193367149,14331877940,14308795714,12950945322,14081844434,14113334545,14097246944,14722034916
Jordan,JOR,"External debt stocks, total (DOD, current US$)",DT.DOD.DECT.CD,11062638715,11885718016,13015834375,12650313310,13047244336,12903708960,13981824492,14991115014,13969141529,14427067897,17073489096,17668664442,18484345844,23173327719,24282885687,25738663242,27238979771,30035600247
Japan,JPN,"External debt stocks, total (DOD, current US$)",DT.DOD.DECT.CD,,,,,,,,,,,,,,,,,,
Kazakhstan,KAZ,"External debt stocks, total (DOD, current US$)",DT.DOD.DECT.CD,12890152383,15339983924,18437239277,23226790597,33233115794,43857019757,74429317787,96232041775,1.07E+11,1.10E+11,1.19E+11,1.24E+11,1.36E+11,1.50E+11,1.58E+11,1.53E+11,1.64E+11,1.67E+11
Kenya,KEN,"External debt stocks, total (DOD, current US$)",DT.DOD.DECT.CD,6148245756,5496278265,6097018577,6716468506,6916397268,6486773609,6681908846,7538465467,7659372209,8549255936,8847572154,10162721849,11893744077,13836034452,16969381086,19764038169,22326000619,26423645479
Kyrgyz Republic,KGZ,"External debt stocks, total (DOD, current US$)",DT.DOD.DECT.CD,1937816110,1823857617,1957506328,2148372909,2560865743,2256599326,2596155993,2878747158,3628104689,4118812292,4118497688,5493240305,6035847045,6815112968,7287505286,7548792170,7929694314,8161335603
Cambodia,KHM,"External debt stocks, total (DOD, current US$)",DT.DOD.DECT.CD,1946021127,2016578690,2229059664,2519451224,2725539084,2768996766,2859747519,2064038079,2466047267,3120646211,3824908895,4471203131,6561063244,7430524356,8130221323,9697551055,11204045098,11897967057
Kiribati,KIR,"External debt stocks, total (DOD, current US$)",DT.DOD.DECT.CD,,,,,,,,,,,,,,,,,,
"Korea, Rep.",KOR,"External debt stocks, total (DOD, current US$)",DT.DOD.DECT.CD,,,,,,,,,,,,,,,,,,
Kuwait,KWT,"External debt stocks, total (DOD, current US$)",DT.DOD.DECT.CD,,,,,,,,,,,,,,,,,,
Lao PDR,LAO,"External debt stocks, total (DOD, current US$)",DT.DOD.DECT.CD,2531032370,2585719432,3168466117,2506301751,2949489393,3278601893,3805627506,4987662711,5653261690,6383404583,6553667991,7081958071,7422652822,8190446369,9640187581,11663805941,13523546788,14497698018
Lebanon,LBN,"External debt stocks, total (DOD, current US$)",DT.DOD.DECT.CD,10073267748,13544907952,17489972434,19018721739,22765362009,22739468412,24156895019,25836330598,43907338166,46040173874,47699340883,49545673544,55603930913,61996109786,64236298970,67611721789,70127929017,73526412440
Liberia,LBR,"External debt stocks, total (DOD, current US$)",DT.DOD.DECT.CD,2836274327,3035970627,3293838967,3632799616,3862478050,3950580337,4191788049,3777967270,3160827104,1850279323,418851731,448440322.7,487153109,530496496.3,680542174,836846979.8,951619454.5,1137292396
Libya,LBY,"External debt stocks, total (DOD, current US$)",DT.DOD.DECT.CD,,,,,,,,,,,,,,,,,,
Liechtenstein,LIE,"External debt stocks, total (DOD, current US$)",DT.DOD.DECT.CD,,,,,,,,,,,,,,,,,,
Sri Lanka,LKA,"External debt stocks, total (DOD, current US$)",DT.DOD.DECT.CD,9249848286,8952124828,10122942034,10725993550,11600420989,11300134210,11853449200,14161321568,16320821885,19504201128,21684210689,25795379781,35735941876,39313853725,42262755820,43925201207,46649592890,50141984145
Lesotho,LSO,"External debt stocks, total (DOD, current US$)",DT.DOD.DECT.CD,769689608.6,684403514,712577931.3,705761420.2,773436561.2,666293758.5,657437143.1,685484471.5,700047301.8,766529460.1,788060174.8,813623741.4,877145936.2,902056102.8,890477624.9,888422555.5,883222281.9,935622039.6
Lithuania,LTU,"External debt stocks, total (DOD, current US$)",DT.DOD.DECT.CD,,,,,,,,,,,,,,,,,,
Luxembourg,LUX,"External debt stocks, total (DOD, current US$)",DT.DOD.DECT.CD,,,,,,,,,,,,,,,,,,
Latvia,LVA,"External debt stocks, total (DOD, current US$)",DT.DOD.DECT.CD,,,,,,,,,,,,,,,,,,
"Macao SAR, China",MAC,"External debt stocks, total (DOD, current US$)",DT.DOD.DECT.CD,,,,,,,,,,,,,,,,,,
Morocco,MAR,"External debt stocks, total (DOD, current US$)",DT.DOD.DECT.CD,20789667972,18898737529,18103630099,18336911800,17022035926,16254178232,17944740932,20679214142,20956812746,24681310884,27258904254,29936595912,33850751901,39275177002,42858213417,43059268129,46340564767,49752245070
Monaco,MCO,"External debt stocks, total (DOD, current US$)",DT.DOD.DECT.CD,,,,,,,,,,,,,,,,,,
Moldova,MDA,"External debt stocks, total (DOD, current US$)",DT.DOD.DECT.CD,1841764697,1790545239,1964800771,2116536513,2114078920,2219300777,2622104183,3365279031,3724452935,3715120839,4724734887,5216932920,5320131158,6204086709,5851138879,6106504383,6235238712,6973701210
Madagascar,MDG,"External debt stocks, total (DOD, current US$)",DT.DOD.DECT.CD,4726029557,4184263805,4543888332,4979583731,3824731185,3525441336,1526991066,2332269180,2533049972,2846880424,2755972131,2867388364,2993481414,2939311491,2962335715,3006713740,2975695835,3376250564
Maldives,MDV,"External debt stocks, total (DOD, current US$)",DT.DOD.DECT.CD,203023211.5,233027776.1,269846875.2,292920063.3,339687013.4,362336487.4,553705510.9,771851912.5,1147412938,1383451323,916604218.6,881963777.1,889128987.1,898847385.5,1060174532,966279783.4,1156169067,1365368101
Mexico,MEX,"External debt stocks, total (DOD, current US$)",DT.DOD.DECT.CD,1.53E+11,1.66E+11,1.57E+11,1.59E+11,1.66E+11,1.71E+11,1.71E+11,1.96E+11,1.98E+11,1.93E+11,2.46E+11,2.92E+11,3.49E+11,4.06E+11,4.42E+11,4.27E+11,4.22E+11,4.55E+11
Marshall Islands,MHL,"External debt stocks, total (DOD, current US$)",DT.DOD.DECT.CD,,,,,,,,,,,,,,,,,,
Mali,MLI,"External debt stocks, total (DOD, current US$)",DT.DOD.DECT.CD,2981177567,2878077839,2792059831,3076156841,3289528749,3195558755,1603843235,1850252388,2055380764,2210301312,2455765584,2921944938,3059189783,3445672340,3458325812,3690444458,3790414797,4367845760
Malta,MLT,"External debt stocks, total (DOD, current US$)",DT.DOD.DECT.CD,,,,,,,,,,,,,,,,,,
Myanmar,MMR,"External debt stocks, total (DOD, current US$)",DT.DOD.DECT.CD,6238937033,6099514011,6792501462,7543351962,7594970051,7287876072,7636203207,8699272788,8641787202,9397601727,10187203250,10811534138,11278737582,12365334240,13850911290,14847776386,14434204389,16138748865
Montenegro,MNE,"External debt stocks, total (DOD, current US$)",DT.DOD.DECT.CD,,,,,,,879825840.4,1299340650,1502099049,2356696743,1603308550,2357309522,2833623508,3061039070,2634395001,2659806012,2712289722,3138033057
Mongolia,MNG,"External debt stocks, total (DOD, current US$)",DT.DOD.DECT.CD,959974419.2,946235061.7,1102129245,1544708957,1593614529,1396369453,1494391223,1741840643,2183511311,2985760385,5927964745,9629385296,15567002572,19181038170,21190754589,21939939185,25740084790,28198565581
Northern Mariana Islands,MNP,"External debt stocks, total (DOD, current US$)",DT.DOD.DECT.CD,,,,,,,,,,,,,,,,,,
Mozambique,MOZ,"External debt stocks, total (DOD, current US$)",DT.DOD.DECT.CD,5613500277,3412083785,3635894509,3929256430,4522715892,4392398459,2792105137,3047739597,3489362264,4138416616,4130753332,4648516798,5489822071,8517384678,9450011072,10344730636,10705252365,12009866934
Mauritania,MRT,"External debt stocks, total (DOD, current US$)",DT.DOD.DECT.CD,2389352675,2295801017,2279041012,2359443205,2340293948,2322767197,1601460582,1723441940,2005274099,2296531250,2684061994,2814789855,3314140928,3516658940,3513137233,3801675339,3929718012,4230832656
Mauritius,MUS,"External debt stocks, total (DOD, current US$)",DT.DOD.DECT.CD,966762441.1,867310143,931115103.7,1003324013,948591750.5,804998806.7,670172954.6,714363871.8,670776744.6,2265008628,2733919896,9532561932,10111235185,13316654885,15618404259,15282157835,18017145431,21067440721
Malawi,MWI,"External debt stocks, total (DOD, current US$)",DT.DOD.DECT.CD,2716150631,2591698365,2900916475,3111209645,3443607863,3195998422,870594215.5,868791750.5,994624410.9,1144298597,1020633952,1213415626,1329035942,1560300341,1658235306,1734424078,1846546566,2160096803
Malaysia,MYS,"External debt stocks, total (DOD, current US$)",DT.DOD.DECT.CD,,,,,,,,,,,,,,,,,,
Namibia,NAM,"External debt stocks, total (DOD, current US$)",DT.DOD.DECT.CD,,,,,,,,,,,,,,,,,,
New Caledonia,NCL,"External debt stocks, total (DOD, current US$)",DT.DOD.DECT.CD,,,,,,,,,,,,,,,,,,
Niger,NER,"External debt stocks, total (DOD, current US$)",DT.DOD.DECT.CD,1720689742,1632884609,1850775309,2152688857,1978804885,1965763252,767007015.9,1095376282,961492468.6,1261076076,1553167760,2239575039,2355365093,2664427534,2671890733,2922048125,3236532100,3745726582
Nigeria,NGA,"External debt stocks, total (DOD, current US$)",DT.DOD.DECT.CD,32374088077,31418239764,31780094348,36711571871,39898090686,25754639315,9617377579,12144518677,13128901893,15942067576,15484219062,17663306192,18127298622,21143710109,24755952586,28942969916,31151474940,40238485334
Nicaragua,NIC,"External debt stocks, total (DOD, current US$)",DT.DOD.DECT.CD,6822420902,6387014039,6440411044,6854198402,5096750021,5011294159,4190303477,4113792030,4718042360,5900885456,6986240447,7914987811,8881767150,9661675853,10078393509,10489192911,10981800386,11457134411
Netherlands,NLD,"External debt stocks, total (DOD, current US$)",DT.DOD.DECT.CD,,,,,,,,,,,,,,,,,,
Norway,NOR,"External debt stocks, total (DOD, current US$)",DT.DOD.DECT.CD,,,,,,,,,,,,,,,,,,
Nepal,NPL,"External debt stocks, total (DOD, current US$)",DT.DOD.DECT.CD,2877908791,2743433152,3001373795,3216531291,3369366040,3191119082,3404458359,3615022363,3697620118,3778430149,3788739017,3828255888,3812045743,4013311462,3986156636,4150670783,4304236740,4963158509
Nauru,NRU,"External debt stocks, total (DOD, current US$)",DT.DOD.DECT.CD,,,,,,,,,,,,,,,,,,
New Zealand,NZL,"External debt stocks, total (DOD, current US$)",DT.DOD.DECT.CD,,,,,,,,,,,,,,,,,,
Oman,OMN,"External debt stocks, total (DOD, current US$)",DT.DOD.DECT.CD,,,,,,,,,,,,,,,,,,
Pakistan,PAK,"External debt stocks, total (DOD, current US$)",DT.DOD.DECT.CD,33021533562,31914742008,33806940466,36464313255,36331633213,34017890148,37174397178,42006041238,49523538220,56339771100,62801078501,64468906168,62066496047,58011552181,61549224435,65817754549,72157099870,84522767603
Panama,PAN,"External debt stocks, total (DOD, current US$)",DT.DOD.DECT.CD,,,,,,,,,,,,,,,,,,
Peru,PER,"External debt stocks, total (DOD, current US$)",DT.DOD.DECT.CD,28834463710,27722614292,28445374390,30221849066,31742552290,29513668636,29295983200,32239012465,34719588729,37389855105,42153893574,45012107240,61626833939,63546120687,67905931709,67184712046,70636275946,68083362795
Philippines,PHL,"External debt stocks, total (DOD, current US$)",DT.DOD.DECT.CD,58455901922,58399723506,60064413332,62762530813,61148536678,58692722322,57597460569,59175573172,58269785209,55984120354,65358008410,66114028173,69371694817,66202045394,77433683293,76447659629,73014072336,73079674147
Palau,PLW,"External debt stocks, total (DOD, current US$)",DT.DOD.DECT.CD,,,,,,,,,,,,,,,,,,
Papua New Guinea,PNG,"External debt stocks, total (DOD, current US$)",DT.DOD.DECT.CD,2325079588,2047405720,1856713721,1863354063,1769749011,1870906690,1754570835,1530876143,1436380431,1768982573,5987009775,12584089528,14922491220,21609688499,20428667422,20493965282,19173060296,17366722024
Poland,POL,"External debt stocks, total (DOD, current US$)",DT.DOD.DECT.CD,,,,,,,,,,,,,,,,,,
Puerto Rico,PRI,"External debt stocks, total (DOD, current US$)",DT.DOD.DECT.CD,,,,,,,,,,,,,,,,,,
"Korea, Dem. People’s Rep.",PRK,"External debt stocks, total (DOD, current US$)",DT.DOD.DECT.CD,,,,,,,,,,,,,,,,,,
Portugal,PRT,"External debt stocks, total (DOD, current US$)",DT.DOD.DECT.CD,,,,,,,,,,,,,,,,,,
Paraguay,PRY,"External debt stocks, total (DOD, current US$)",DT.DOD.DECT.CD,3106035614,2867285123,3373052130,6798833898,7376893644,8302216058,9565284909,10714075893,12520045510,13941379382,15902555799,15580878834,16046077318,15709999916,16495046331,16124877726,16223611755,16063167754
West Bank and Gaza,PSE,"External debt stocks, total (DOD, current US$)",DT.DOD.DECT.CD,,,,,,,,,,,,,,,,,,
Qatar,QAT,"External debt stocks, total (DOD, current US$)",DT.DOD.DECT.CD,,,,,,,,,,,,,,,,,,
Romania,ROU,"External debt stocks, total (DOD, current US$)",DT.DOD.DECT.CD,11259184999,12740486836,16781888348,22739460915,29689407906,38884059951,53980696725,84381083205,99447360367,1.14E+11,1.15E+11,1.20E+11,1.21E+11,1.24E+11,1.12E+11,96448286037,96116934114,1.09E+11
Russian Federation,RUS,"External debt stocks, total (DOD, current US$)",DT.DOD.DECT.CD,1.47E+11,1.41E+11,1.38E+11,1.86E+11,2.14E+11,2.50E+11,3.11E+11,4.16E+11,4.19E+11,4.06E+11,4.18E+11,5.44E+11,5.92E+11,6.68E+11,5.50E+11,4.68E+11,5.26E+11,4.93E+11
Rwanda,RWA,"External debt stocks, total (DOD, current US$)",DT.DOD.DECT.CD,1289758078,1299040552,1452031422,1555052247,1670716289,1526467033,433571511,619217476.9,688908920.7,861366314.6,906314075.5,1215707197,1262534885,1693566337,1899861734,2180224488,2783171941,3338108471
Saudi Arabia,SAU,"External debt stocks, total (DOD, current US$)",DT.DOD.DECT.CD,,,,,,,,,,,,,,,,,,
Sudan,SDN,"External debt stocks, total (DOD, current US$)",DT.DOD.DECT.CD,16075999064,15010981050,16131307065,17322489066,18376488692,17579077748,18486143553,19796609171,20335215853,21112640260,22322844219,21180844800,21825049522,22501879302,21784863689,21429283669,21119868663,21754150181
Senegal,SEN,"External debt stocks, total (DOD, current US$)",DT.DOD.DECT.CD,3653475931,3700965275,4118750355,4397912285,3940274904,3861745159,1936520868,2585777650,2850930593,3720886238,3909476503,4325493202,4905682777,5225570814,5619664590,5893174036,6678058095,8886011384
Singapore,SGP,"External debt stocks, total (DOD, current US$)",DT.DOD.DECT.CD,,,,,,,,,,,,,,,,,,
Solomon Islands,SLB,"External debt stocks, total (DOD, current US$)",DT.DOD.DECT.CD,156207110.5,164030802.8,180737376.7,181240395,179639740,167389191.6,174423711.1,178330553.8,166904390.6,172447071.6,230756584.9,257503829.4,228147130.5,203970834.5,187312804.1,207462416.6,240262539.3,350107656.2
Sierra Leone,SLE,"External debt stocks, total (DOD, current US$)",DT.DOD.DECT.CD,1248363709,1256749339,1408416911,1575774381,1683344085,1804606614,1528631482,551066958.2,633810297.6,856852310.4,931127139.3,1050427526,1334200317,1395490716,1426861635,1551204746,1597737726,1731341595
El Salvador,SLV,"External debt stocks, total (DOD, current US$)",DT.DOD.DECT.CD,4535064825,5344553478,6114021552,8616503266,9147790266,9621574748,10004564796,9864898765,10688436436,10405779193,11495710497,12727302641,13541946334,14122260216,15152606980,15555521986,16551868059,16698900611
San Marino,SMR,"External debt stocks, total (DOD, current US$)",DT.DOD.DECT.CD,,,,,,,,,,,,,,,,,,
Somalia,SOM,"External debt stocks, total (DOD, current US$)",DT.DOD.DECT.CD,2575688618,2573509234,2707601442,2868114617,2885536409,2775273856,2869714578,2983340945,2984293716,3062528671,3059898282,3067271304,3068782015,3069936437,2960450789,2893859852,2864542920,2957971099
Serbia,SRB,"External debt stocks, total (DOD, current US$)",DT.DOD.DECT.CD,11573165500,12478681867,11400905180,14259748379,14562774445,16159378880,19885774046,26211637916,30493346801,33809169779,32907137502,31657124952,34361116042,36278365716,32987258861,31290611648,29526878587,34548548089
South Sudan,SSD,"External debt stocks, total (DOD, current US$)",DT.DOD.DECT.CD,,,,,,,,,,,,,,,,,,
Sao Tome and Principe,STP,"External debt stocks, total (DOD, current US$)",DT.DOD.DECT.CD,304831898.2,308356185,333450000.5,339959178.8,361057555.2,335612441.8,351558074.5,166187260.3,131728912.6,157000836.3,181091117.6,230969903.5,201622813.7,214377128.5,212944858.4,249356039.1,248029273.5,261935947.7
Suriname,SUR,"External debt stocks, total (DOD, current US$)",DT.DOD.DECT.CD,,,,,,,,,,,,,,,,,,
Slovak Republic,SVK,"External debt stocks, total (DOD, current US$)",DT.DOD.DECT.CD,,,,,,,,,,,,,,,,,,
Slovenia,SVN,"External debt stocks, total (DOD, current US$)",DT.DOD.DECT.CD,,,,,,,,,,,,,,,,,,
Sweden,SWE,"External debt stocks, total (DOD, current US$)",DT.DOD.DECT.CD,,,,,,,,,,,,,,,,,,
Sint Maarten (Dutch part),SXM,"External debt stocks, total (DOD, current US$)",DT.DOD.DECT.CD,,,,,,,,,,,,,,,,,,
Seychelles,SYC,"External debt stocks, total (DOD, current US$)",DT.DOD.DECT.CD,,,,,,,,,,,,,,,,,,
Syrian Arab Republic,SYR,"External debt stocks, total (DOD, current US$)",DT.DOD.DECT.CD,22235538194,21108371969,,,,,,,5389146719,5689061011,5277021227,4980886783,4748974173,4766303036,4608893150,4424725167,4395946363,4653920882
Turks and Caicos Islands,TCA,"External debt stocks, total (DOD, current US$)",DT.DOD.DECT.CD,,,,,,,,,,,,,,,,,,
Chad,TCD,"External debt stocks, total (DOD, current US$)",DT.DOD.DECT.CD,1098899966,1095684904,1276029020,1539456755,1652257600,1629647074,1757290878,1848756647,1802465168,1874374207,2157554831,2346191700,2361265803,2924993969,3751642309,2973004218,3010979451,3138617020
Togo,TGO,"External debt stocks, total (DOD, current US$)",DT.DOD.DECT.CD,1445960551,1422893099,1601843853,1731925829,1838337733,1686929450,1797045211,1969930422,1641684230,1730085865,1278312049,622147956.2,746770402.7,896020109.2,986280267.9,1054379969,1175996296,1631410441
Thailand,THA,"External debt stocks, total (DOD, current US$)",DT.DOD.DECT.CD,79830056193,67296708659,62922110903,58452984710,58416708560,58466721298,62493469252,62779007038,66618742798,80824068118,1.06E+11,1.10E+11,1.34E+11,1.37E+11,1.35E+11,1.30E+11,1.21E+11,1.30E+11
Tajikistan,TJK,"External debt stocks, total (DOD, current US$)",DT.DOD.DECT.CD,1140676654,1162073155,1254304143,1272329032,1166678857,1124509977,1072213373,1348486856,2497045163,2666229140,3560958936,3922264886,4615851613,4862981082,5183527557,5209084438,5301363165,5881391081
Turkmenistan,TKM,"External debt stocks, total (DOD, current US$)",DT.DOD.DECT.CD,2627007066,2241509192,2130945861,1916765264,1815782396,1152800558,991050916.5,851749184.4,738722484.3,671476915.7,529119311.5,454308883.2,503885429.2,506854682.4,411184918.3,402877519.7,508684255.9,781324333
Timor-Leste,TLS,"External debt stocks, total (DOD, current US$)",DT.DOD.DECT.CD,,,,,,,,,,,,,77025317.8,84810700.4,80656491.2,89312676.6,29418557.5,50302399.4
Tonga,TON,"External debt stocks, total (DOD, current US$)",DT.DOD.DECT.CD,73965562.4,71355546.3,81495989.1,93415984.1,94356377.1,89030079.1,91618892.9,96867967,98959554,114892400.3,153652255.8,190595509.6,197464752,199070766.4,194482648.1,173710124.8,159854937,169233192.8
Trinidad and Tobago,TTO,"External debt stocks, total (DOD, current US$)",DT.DOD.DECT.CD,,,,,,,,,,,,,,,,,,
Tunisia,TUN,"External debt stocks, total (DOD, current US$)",DT.DOD.DECT.CD,11355178323,12916170294,15490967169,18109300765,19558067982,17922245945,18665141660,20504795365,21381023079,22721905888,22471874659,22641838685,25261470687,25661325933,26395215885,27183560445,27924264510,32151895818
Turkey,TUR,"External debt stocks, total (DOD, current US$)",DT.DOD.DECT.CD,1.17E+11,1.13E+11,1.30E+11,1.44E+11,1.60E+11,1.74E+11,2.11E+11,2.60E+11,2.91E+11,2.79E+11,3.01E+11,3.06E+11,3.39E+11,3.90E+11,4.06E+11,4.00E+11,4.09E+11,4.55E+11
Tuvalu,TUV,"External debt stocks, total (DOD, current US$)",DT.DOD.DECT.CD,,,,,,,,,,,,,,,,,,
Tanzania,TZA,"External debt stocks, total (DOD, current US$)",DT.DOD.DECT.CD,7187824540,6511080019,7145819696,7307954236,8628762340,8409774097,4097945623,5030962807,6010233474,7685190153,8892091728,10010937393,11585210386,13139167244,14331407678,15451055621,16192265681,18242310338
Uganda,UGA,"External debt stocks, total (DOD, current US$)",DT.DOD.DECT.CD,3535147375,3768223100,4019812753,4577712718,4797212348,4468313217,1306323180,1658719727,2297754399,2767797528,2978951245,3266659094,3779947288,8563450407,8654680117,9573690417,9509989646,11188549869
Ukraine,UKR,"External debt stocks, total (DOD, current US$)",DT.DOD.DECT.CD,13909673185,22203219729,23480138435,25860632946,32104401694,35095344139,54264717858,80748370427,99354540487,1.05E+11,1.24E+11,1.37E+11,1.34E+11,1.46E+11,1.27E+11,1.17E+11,1.15E+11,1.13E+11
Uruguay,URY,"External debt stocks, total (DOD, current US$)",DT.DOD.DECT.CD,,,,,,,,,,,,,,,,,,
United States,USA,"External debt stocks, total (DOD, current US$)",DT.DOD.DECT.CD,,,,,,,,,,,,,,,,,,
Uzbekistan,UZB,"External debt stocks, total (DOD, current US$)",DT.DOD.DECT.CD,4947978618,5211410617,5140357902,5321596557,5204729496,4631813976,4513825291,4655753696,5070478525,7027539348,7801789782,8299750652,9119149649,10681864214,13291521709,14802418434,16291213676,17707669677
"Venezuela, RB",VEN,"External debt stocks, total (DOD, current US$)",DT.DOD.DECT.CD,42753312658,39552754470,37132967936,38105849640,39193251765,45357224781,45167276758,58712126466,66930075386,84578254745,1.02E+11,1.18E+11,1.31E+11,1.32E+11,1.36E+11,1.24E+11,1.13E+11,1.06E+11
Virgin Islands (U.S.),VIR,"External debt stocks, total (DOD, current US$)",DT.DOD.DECT.CD,,,,,,,,,,,,,,,,,,
Vietnam,VNM,"External debt stocks, total (DOD, current US$)",DT.DOD.DECT.CD,12785237925,12578510004,13267122639,15517153725,17565791783,18530481806,18686344991,23070522324,26435427133,32702633612,44901578757,53886296140,61576687751,65448353852,72422790301,77806106045,85641783826,1.04E+11
Vanuatu,VUT,"External debt stocks, total (DOD, current US$)",DT.DOD.DECT.CD,112263772.8,122663924.1,160584256.7,161146227.6,153931970.5,100347467.5,110583704.2,127898893.3,148880846.8,153308882.3,177543952.1,178199984.2,181830635.4,202250179.7,194031634.3,267653524.1,286159202.1,392993280.5
Samoa,WSM,"External debt stocks, total (DOD, current US$)",DT.DOD.DECT.CD,139172179.4,135466609.5,148295167,168610857.8,176496322.7,169098029.9,165440757.3,187694141.1,207365268.1,252885686.9,325098258.9,368308475.7,422904446.2,447232337.9,450184067.2,437424608,417456842.9,443075541.6
Kosovo,XKX,"External debt stocks, total (DOD, current US$)",DT.DOD.DECT.CD,72140059,69583145.7,75274464.8,82275800.7,85987699.1,79136411.6,83296240.5,534737934.6,709873305.5,1725715832,1455549980,1699829129,2002395891,2220795159,2242255749,2158252496,2155776025,2439060895
"Yemen, Rep.",YEM,"External debt stocks, total (DOD, current US$)",DT.DOD.DECT.CD,5152412926,5187675837,5323448564,5480632069,5603364949,5477559320,5713770653,6155419538,6228636614,6799196018,6504445072,6429107186,7748177349,7610705487,7844138722,7294572374,7064961713,7186164287
South Africa,ZAF,"External debt stocks, total (DOD, current US$)",DT.DOD.DECT.CD,25435195382,24603874748,33719581121,37138448417,43181221209,44736853356,59381328584,72596572530,69960357520,79017425529,1.08E+11,1.17E+11,1.45E+11,1.40E+11,1.42E+11,1.38E+11,1.46E+11,1.76E+11
Zambia,ZMB,"External debt stocks, total (DOD, current US$)",DT.DOD.DECT.CD,5811480208,6189776538,6674675453,6874311298,7540236740,5460805367,2375623223,2857155352,3079660252,3774353380,4384212951,5099155978,5857016744,6429610354,9338721527,11754183514,15529084734,16308839907
Zimbabwe,ZWE,"External debt stocks, total (DOD, current US$)",DT.DOD.DECT.CD,3842582269,3654757881,3978828543,4603971916,4953835821,4445305223,4909376562,5709507339,5712968310,6002727397,6607302699,7313846739,8659021676,8199922740,8039204174,8738015352,8843653471,9330201845
