﻿Country Name,Country Code,Indicator Name,Indicator Code,2000,2001,2002,2003,2004,2005,2006,2007,2008,2009,2010,2011,2012,2013,2014,2015,2016,2017
Aruba,ABW,"GNI per capita, PPP (current international $)",NY.GNP.PCAP.PP.CD,,,,,,,,,,,,,,,,,,
Afghanistan,AFG,"GNI per capita, PPP (current international $)",NY.GNP.PCAP.PP.CD,,,870,920,920,1010,1070,1210,1250,1490,1590,1680,1900,1940,1950,1940,1970,2000
Angola,AGO,"GNI per capita, PPP (current international $)",NY.GNP.PCAP.PP.CD,1860,1940,2280,2370,2580,3040,3580,4480,4810,5200,5210,5360,5550,5900,6130,6250,6090,6060
Albania,ALB,"GNI per capita, PPP (current international $)",NY.GNP.PCAP.PP.CD,4150,4600,4870,5250,5650,6060,6830,7490,8270,8670,9540,10210,10450,10750,11360,11470,11750,12120
Andorra,AND,"GNI per capita, PPP (current international $)",NY.GNP.PCAP.PP.CD,,,,,,,,,,,,,,,,,,
United Arab Emirates,ARE,"GNI per capita, PPP (current international $)",NY.GNP.PCAP.PP.CD,,83950,79600,82060,85010,83040,82570,76680,69330,59430,56070,58420,60600,64150,67480,71200,71750,74410
Argentina,ARG,"GNI per capita, PPP (current international $)",NY.GNP.PCAP.PP.CD,11500,11090,9480,10530,11720,13290,14730,16430,17270,16110,17710,19070,19120,19730,19400,19630,19260,20270
Armenia,ARM,"GNI per capita, PPP (current international $)",NY.GNP.PCAP.PP.CD,2380,2690,3130,3650,4150,4970,5870,6960,7690,6590,6890,7270,7950,8490,8790,9090,9020,10060
American Samoa,ASM,"GNI per capita, PPP (current international $)",NY.GNP.PCAP.PP.CD,,,,,,,,,,,,,,,,,,
Antigua and Barbuda,ATG,"GNI per capita, PPP (current international $)",NY.GNP.PCAP.PP.CD,14180,13870,13740,14780,15820,17320,19910,22070,22130,19430,18310,17960,18580,18980,20040,20970,22090,22980
Australia,AUS,"GNI per capita, PPP (current international $)",NY.GNP.PCAP.PP.CD,25560,26580,27930,28840,30420,31330,32950,34880,35880,38820,37750,40210,41430,44650,45520,45270,45110,47160
Austria,AUT,"GNI per capita, PPP (current international $)",NY.GNP.PCAP.PP.CD,29120,29330,31000,32030,33710,34940,37720,39350,41660,40900,42400,44600,46500,48050,48850,49520,50500,52500
Azerbaijan,AZE,"GNI per capita, PPP (current international $)",NY.GNP.PCAP.PP.CD,3340,3710,4120,4650,5100,6280,8570,10560,12380,13800,14690,14680,15260,16320,17100,17100,16120,16650
Burundi,BDI,"GNI per capita, PPP (current international $)",NY.GNP.PCAP.PP.CD,610,600,620,600,620,630,670,700,730,730,740,770,790,820,840,800,780,770
Belgium,BEL,"GNI per capita, PPP (current international $)",NY.GNP.PCAP.PP.CD,28690,29510,30990,31630,32680,33720,35870,37350,39030,38050,41350,41660,43390,44240,44940,45330,46750,48240
Benin,BEN,"GNI per capita, PPP (current international $)",NY.GNP.PCAP.PP.CD,1310,1370,1410,1440,1500,1540,1600,1690,1770,1760,1770,1820,1870,1990,2090,2110,2170,2260
Burkina Faso,BFA,"GNI per capita, PPP (current international $)",NY.GNP.PCAP.PP.CD,840,900,920,990,1030,1120,1200,1260,1340,1340,1360,1420,1520,1580,1600,1630,1730,1810
Bangladesh,BGD,"GNI per capita, PPP (current international $)",NY.GNP.PCAP.PP.CD,1340,1410,1480,1550,1650,1790,1970,2150,2330,2440,2590,2770,2990,3170,3340,3550,3790,4040
Bulgaria,BGR,"GNI per capita, PPP (current international $)",NY.GNP.PCAP.PP.CD,6220,6930,7890,8480,9230,10240,11030,11870,13720,13880,14640,15180,15990,16270,17360,17750,19190,20500
Bahrain,BHR,"GNI per capita, PPP (current international $)",NY.GNP.PCAP.PP.CD,34740,34300,33580,34640,35760,37470,38350,39730,39100,35290,36080,35440,36510,38840,38350,44170,44010,42930
"Bahamas, The",BHS,"GNI per capita, PPP (current international $)",NY.GNP.PCAP.PP.CD,20130,20720,21190,21010,21380,22070,22770,23260,23150,21760,21770,22030,29630,29600,29300,29650,28990,29790
Bosnia and Herzegovina,BIH,"GNI per capita, PPP (current international $)",NY.GNP.PCAP.PP.CD,5010,5180,5510,5690,6140,6720,7610,8400,9340,9350,9470,9980,10260,10970,11250,11600,12190,12880
Belarus,BLR,"GNI per capita, PPP (current international $)",NY.GNP.PCAP.PP.CD,5970,6430,6910,7630,8790,10000,11350,12640,14200,14220,15600,16820,17400,17620,18320,17550,17250,18140
Belize,BLZ,"GNI per capita, PPP (current international $)",NY.GNP.PCAP.PP.CD,5160,5310,5530,5900,6040,6290,6600,6530,6720,6950,6850,7340,7510,7540,7720,8190,8030,7890
Bermuda,BMU,"GNI per capita, PPP (current international $)",NY.GNP.PCAP.PP.CD,,,,,,,,75090,74800,68450,68910,68110,67140,66670,,,,
Bolivia,BOL,"GNI per capita, PPP (current international $)",NY.GNP.PCAP.PP.CD,3400,3480,3550,3610,3770,4020,4280,4510,4830,4910,5070,5330,5540,5910,6320,6720,7100,7330
Brazil,BRA,"GNI per capita, PPP (current international $)",NY.GNP.PCAP.PP.CD,8620,8800,9110,9280,10000,10520,11130,11980,12620,12590,13830,14580,15070,15780,15880,15330,14880,15160
Barbados,BRB,"GNI per capita, PPP (current international $)",NY.GNP.PCAP.PP.CD,11980,11880,12110,12580,13040,13740,14670,15570,15740,15230,15730,15410,16150,16270,16500,16710,17170,17830
Brunei Darussalam,BRN,"GNI per capita, PPP (current international $)",NY.GNP.PCAP.PP.CD,65030,66960,69250,71340,72410,73870,78400,80020,78980,77340,78340,80220,81500,80920,80080,83440,83090,83760
Bhutan,BTN,"GNI per capita, PPP (current international $)",NY.GNP.PCAP.PP.CD,2800,3020,3250,3450,3650,3970,4310,5060,5230,5440,5940,6380,6600,6820,7230,7520,8160,8850
Botswana,BWA,"GNI per capita, PPP (current international $)",NY.GNP.PCAP.PP.CD,7750,8120,7710,8430,8660,9450,10480,11580,12320,11820,12500,13790,14550,15710,16410,16090,16690,16990
Central African Republic,CAF,"GNI per capita, PPP (current international $)",NY.GNP.PCAP.PP.CD,640,670,690,660,700,720,760,800,820,830,870,910,960,620,630,660,690,730
Canada,CAN,"GNI per capita, PPP (current international $)",NY.GNP.PCAP.PP.CD,28420,29220,30070,31390,33020,35390,37400,38860,39680,38120,39230,40780,41400,43430,44780,43960,44230,46070
Switzerland,CHE,"GNI per capita, PPP (current international $)",NY.GNP.PCAP.PP.CD,38080,38270,38730,40140,41610,43910,48360,49850,48960,52630,56090,56460,58880,61380,62170,65210,64480,65610
Chile,CHL,"GNI per capita, PPP (current international $)",NY.GNP.PCAP.PP.CD,9240,9660,9940,10190,10860,11660,13850,15070,15270,15110,16970,19190,20580,21590,22210,22060,22540,23670
China,CHN,"GNI per capita, PPP (current international $)",NY.GNP.PCAP.PP.CD,2900,3180,3520,3940,4440,5060,5870,6880,7680,8360,9290,10290,11320,12270,13460,14400,15480,16760
Cote d'Ivoire,CIV,"GNI per capita, PPP (current international $)",NY.GNP.PCAP.PP.CD,2120,2070,2010,1930,2070,2300,2350,2410,2470,2510,2540,2410,2670,2850,3140,3350,3590,3820
Cameroon,CMR,"GNI per capita, PPP (current international $)",NY.GNP.PCAP.PP.CD,1940,2000,2090,2220,2400,2450,2580,2680,2770,2810,2840,2940,3030,3150,3340,3450,3540,3640
"Congo, Dem. Rep.",COD,"GNI per capita, PPP (current international $)",NY.GNP.PCAP.PP.CD,450,420,430,460,480,510,540,560,570,590,620,650,680,700,760,800,850,870
"Congo, Rep.",COG,"GNI per capita, PPP (current international $)",NY.GNP.PCAP.PP.CD,2510,2580,2730,2800,2660,2800,2960,3010,3360,3460,3820,3870,4140,4320,4830,5840,5330,4880
Colombia,COL,"GNI per capita, PPP (current international $)",NY.GNP.PCAP.PP.CD,6440,6580,6740,6990,7460,7950,8640,9350,9740,9890,10260,10970,11570,12250,12950,13560,14030,14170
Comoros,COM,"GNI per capita, PPP (current international $)",NY.GNP.PCAP.PP.CD,1180,1200,1210,1230,1260,1300,1350,1370,1360,1370,1380,1410,1440,1490,1510,1510,1540,1570
Cabo Verde,CPV,"GNI per capita, PPP (current international $)",NY.GNP.PCAP.PP.CD,2960,3080,3190,3350,3730,3990,4360,5200,5560,5480,5460,5760,5840,5960,5930,6070,6290,6570
Costa Rica,CRI,"GNI per capita, PPP (current international $)",NY.GNP.PCAP.PP.CD,7460,7760,8000,8380,8880,9420,10360,11410,12090,11740,12320,12940,13680,13980,14540,15020,15660,16100
Cuba,CUB,"GNI per capita, PPP (current international $)",NY.GNP.PCAP.PP.CD,,,,,,,,,,,,,,,,,,
Cayman Islands,CYM,"GNI per capita, PPP (current international $)",NY.GNP.PCAP.PP.CD,,,,,,,,,,,,,,,,,,
Cyprus,CYP,"GNI per capita, PPP (current international $)",NY.GNP.PCAP.PP.CD,20550,22110,23140,23650,25280,27250,29340,32470,34110,33440,32260,33190,30930,29190,29270,31730,32200,33610
Czech Republic,CZE,"GNI per capita, PPP (current international $)",NY.GNP.PCAP.PP.CD,15850,17050,17510,18720,19820,20920,22300,24400,25980,25600,25550,26620,27250,28670,30080,31210,32530,34450
Germany,DEU,"GNI per capita, PPP (current international $)",NY.GNP.PCAP.PP.CD,27110,28260,28980,29720,31650,32250,34840,36980,38400,37870,40000,43770,44590,46250,48020,48690,49770,51680
Djibouti,DJI,"GNI per capita, PPP (current international $)",NY.GNP.PCAP.PP.CD,,,,,,,,,,,,,,,,,,
Dominica,DMA,"GNI per capita, PPP (current international $)",NY.GNP.PCAP.PP.CD,5720,6170,6080,6690,6980,7260,8010,8660,9500,9560,9800,9920,9970,9820,10450,10240,10620,10170
Denmark,DNK,"GNI per capita, PPP (current international $)",NY.GNP.PCAP.PP.CD,28070,29060,30280,30590,33060,34430,37750,39160,41740,40730,43750,45340,45820,48210,49640,50190,50270,52390
Dominican Republic,DOM,"GNI per capita, PPP (current international $)",NY.GNP.PCAP.PP.CD,6140,6240,6510,6380,6420,7130,7960,9200,9680,9720,10510,10880,11240,11600,12520,13490,14340,15290
Algeria,DZA,"GNI per capita, PPP (current international $)",NY.GNP.PCAP.PP.CD,7690,8170,8570,9270,9760,10430,10880,11670,12070,12130,12580,12850,13160,13420,13900,14220,14870,15050
Ecuador,ECU,"GNI per capita, PPP (current international $)",NY.GNP.PCAP.PP.CD,5400,5790,6080,6250,6810,7330,7790,8040,8710,8710,9030,9770,10360,10880,11310,11250,11030,11350
"Egypt, Arab Rep.",EGY,"GNI per capita, PPP (current international $)",NY.GNP.PCAP.PP.CD,5910,6150,6210,6400,6710,7100,7750,8400,9010,9260,9470,9570,9770,9900,10160,10570,10980,11360
Eritrea,ERI,"GNI per capita, PPP (current international $)",NY.GNP.PCAP.PP.CD,1330,1430,1440,1380,1390,1440,1430,1460,1320,1350,1370,1500,,,,,,
Spain,ESP,"GNI per capita, PPP (current international $)",NY.GNP.PCAP.PP.CD,21450,22690,24090,24850,25950,27300,30280,31800,32570,31790,31510,31510,31760,32430,33600,34740,36300,37990
Estonia,EST,"GNI per capita, PPP (current international $)",NY.GNP.PCAP.PP.CD,9070,9820,11050,12360,13710,15870,18260,20450,21470,19870,20460,23310,24970,26860,27780,28090,29160,31100
Ethiopia,ETH,"GNI per capita, PPP (current international $)",NY.GNP.PCAP.PP.CD,490,520,520,510,580,650,720,810,890,950,1050,1160,1250,1370,1500,1630,1730,1890
Fragile and conflict affected situations,FCS,"GNI per capita, PPP (current international $)",NY.GNP.PCAP.PP.CD,2357.861995,2421.65647,2371.731674,2212.213744,2572.913745,2792.325019,3031.71749,3213.940389,3406.213095,3494.014941,3644.766608,3434.111898,3846.207742,3866.012434,3992.647115,4054.648391,4220.415642,4328.046832
Finland,FIN,"GNI per capita, PPP (current international $)",NY.GNP.PCAP.PP.CD,26580,27780,28650,28810,31350,32130,34690,37820,40040,38310,39300,40870,40830,41430,41850,42450,43720,45400
Fiji,FJI,"GNI per capita, PPP (current international $)",NY.GNP.PCAP.PP.CD,5390,5450,5800,5920,6390,6710,6630,6800,6920,6950,6980,7260,7390,7950,8200,8660,8770,9090
France,FRA,"GNI per capita, PPP (current international $)",NY.GNP.PCAP.PP.CD,26700,28140,28930,28610,29580,31140,33180,34870,35910,35350,36730,38320,38180,40040,40680,41100,42020,43790
Faroe Islands,FRO,"GNI per capita, PPP (current international $)",NY.GNP.PCAP.PP.CD,,,,,,,,,,,,,,,,,,
"Micronesia, Fed. Sts.",FSM,"GNI per capita, PPP (current international $)",NY.GNP.PCAP.PP.CD,2540,2640,2690,2790,2820,3000,3100,3160,3130,3300,3350,3520,3570,3590,3560,4140,4090,4210
Gabon,GAB,"GNI per capita, PPP (current international $)",NY.GNP.PCAP.PP.CD,11930,12560,12910,12830,12290,13470,12640,13110,12640,12720,13070,13710,14820,15420,16660,16440,16670,17010
United Kingdom,GBR,"GNI per capita, PPP (current international $)",NY.GNP.PCAP.PP.CD,26220,27590,29090,30390,32180,33040,34700,35540,36190,34480,36170,36900,37430,38780,39860,40660,41640,42560
Georgia,GEO,"GNI per capita, PPP (current international $)",NY.GNP.PCAP.PP.CD,2690,2820,3020,3470,3870,4410,5090,5850,6070,5990,6390,7100,7950,8380,9130,9350,9510,10120
Ghana,GHA,"GNI per capita, PPP (current international $)",NY.GNP.PCAP.PP.CD,1740,1820,1880,1970,2080,2230,2400,2510,2720,2800,2950,3300,3510,3830,3890,4110,4190,4490
Gibraltar,GIB,"GNI per capita, PPP (current international $)",NY.GNP.PCAP.PP.CD,,,,,,,,,,,,,,,,,,
Guinea,GIN,"GNI per capita, PPP (current international $)",NY.GNP.PCAP.PP.CD,1100,1140,1220,1160,1190,1210,1260,1380,1410,1370,1440,1520,1620,1680,1730,1770,1920,2180
"Gambia, The",GMB,"GNI per capita, PPP (current international $)",NY.GNP.PCAP.PP.CD,1180,1230,1160,1230,1330,1320,1330,1370,1440,1490,1560,1470,1540,1600,1590,1620,1630,1670
Guinea-Bissau,GNB,"GNI per capita, PPP (current international $)",NY.GNP.PCAP.PP.CD,1040,1060,1070,1070,1110,1170,1220,1270,1290,1310,1370,1480,1450,1440,1530,1580,1660,1700
Equatorial Guinea,GNQ,"GNI per capita, PPP (current international $)",NY.GNP.PCAP.PP.CD,5530,5520,7270,6630,8130,14190,23330,26790,28490,24800,19400,22230,24060,23160,22590,22130,20280,19380
Greece,GRC,"GNI per capita, PPP (current international $)",NY.GNP.PCAP.PP.CD,19650,21140,22610,23800,25150,25620,27990,28530,29940,29690,27600,25430,25450,26070,27020,26820,26910,27620
Grenada,GRD,"GNI per capita, PPP (current international $)",NY.GNP.PCAP.PP.CD,7150,7040,7310,8160,8100,10160,10020,10730,11040,10020,10390,10760,10770,11250,12220,13130,13720,14410
Greenland,GRL,"GNI per capita, PPP (current international $)",NY.GNP.PCAP.PP.CD,,,,,,,,,,,,,,,,,,
Guatemala,GTM,"GNI per capita, PPP (current international $)",NY.GNP.PCAP.PP.CD,4760,4900,5000,5110,5270,5480,5790,6170,6330,6260,6380,6610,6850,7080,7330,7570,7760,8000
Guam,GUM,"GNI per capita, PPP (current international $)",NY.GNP.PCAP.PP.CD,,,,,,,,,,,,,,,,,,
Guyana,GUY,"GNI per capita, PPP (current international $)",NY.GNP.PCAP.PP.CD,3320,3430,3560,3620,3550,3940,4680,5100,5250,5400,5760,6110,6590,6860,7210,7490,7830,8120
"Hong Kong SAR, China",HKG,"GNI per capita, PPP (current international $)",NY.GNP.PCAP.PP.CD,27180,28160,28470,30560,33720,36630,40880,44670,47440,45250,48130,51450,52050,54550,56760,58120,60160,64100
Honduras,HND,"GNI per capita, PPP (current international $)",NY.GNP.PCAP.PP.CD,2560,2610,2670,2760,2920,3140,3360,3650,3780,3610,3710,3820,3920,4000,4090,4280,4420,4630
Croatia,HRV,"GNI per capita, PPP (current international $)",NY.GNP.PCAP.PP.CD,10550,11110,12090,12700,13870,14550,16540,18400,19690,18820,18700,20180,20530,21340,21620,22580,22940,24700
Haiti,HTI,"GNI per capita, PPP (current international $)",NY.GNP.PCAP.PP.CD,1380,1370,1360,1370,1340,1380,1440,1510,1530,1560,1480,1570,1630,1690,1750,1770,1810,1830
Hungary,HUN,"GNI per capita, PPP (current international $)",NY.GNP.PCAP.PP.CD,11280,12570,13790,14730,15340,16100,17290,17690,19330,19620,20450,21670,22080,23730,24310,24680,25210,26960
Indonesia,IDN,"GNI per capita, PPP (current international $)",NY.GNP.PCAP.PP.CD,4300,4630,4880,5100,5390,5780,6240,6730,7220,7510,8040,8590,9160,9680,10180,10670,11240,11900
India,IND,"GNI per capita, PPP (current international $)",NY.GNP.PCAP.PP.CD,1960,2070,2140,2320,2530,2810,3110,3470,3620,3900,4270,4600,4860,5190,5610,6060,6500,7060
Ireland,IRL,"GNI per capita, PPP (current international $)",NY.GNP.PCAP.PP.CD,26300,27810,29520,31240,33380,35020,38790,40440,38330,34690,36150,36960,37930,40840,43480,54230,59000,61910
"Iran, Islamic Rep.",IRN,"GNI per capita, PPP (current international $)",NY.GNP.PCAP.PP.CD,10400,10580,11400,12480,13180,13880,14880,16380,16570,16610,17580,18190,17050,17070,17880,17620,20010,21010
Iraq,IRQ,"GNI per capita, PPP (current international $)",NY.GNP.PCAP.PP.CD,9590,9740,8870,6000,9250,9840,10890,11090,12360,12240,12600,13250,14970,15690,15560,15930,17370,17010
Iceland,ISL,"GNI per capita, PPP (current international $)",NY.GNP.PCAP.PP.CD,28670,30840,32660,32400,34340,35470,36310,38750,34050,33590,32200,34550,36690,42100,43500,46380,49550,53280
Israel,ISR,"GNI per capita, PPP (current international $)",NY.GNP.PCAP.PP.CD,23380,23900,24290,22940,24490,24600,25580,27460,26870,26830,28280,30160,30930,33470,33840,35580,36810,37910
Italy,ITA,"GNI per capita, PPP (current international $)",NY.GNP.PCAP.PP.CD,26920,27870,28510,28940,29410,30100,32460,34020,35080,34490,34970,36250,36190,36070,36070,36440,38470,39640
Jamaica,JAM,"GNI per capita, PPP (current international $)",NY.GNP.PCAP.PP.CD,6050,6150,6240,6570,6820,7040,7490,7760,7890,7450,7550,7840,8050,8110,8300,8350,8450,8690
Jordan,JOR,"GNI per capita, PPP (current international $)",NY.GNP.PCAP.PP.CD,5800,6180,6450,6750,7420,8040,8660,9250,9510,9590,9210,9130,9010,8970,8980,8940,8980,9110
Japan,JPN,"GNI per capita, PPP (current international $)",NY.GNP.PCAP.PP.CD,27220,27910,28560,29380,30930,32350,33970,35540,35710,34000,35900,36790,38190,40280,40590,42270,43630,44850
Kazakhstan,KAZ,"GNI per capita, PPP (current international $)",NY.GNP.PCAP.PP.CD,7350,8660,9760,10720,11860,12920,14220,15590,15830,16370,17110,18210,19370,21250,22310,23550,22900,23440
Kenya,KEN,"GNI per capita, PPP (current international $)",NY.GNP.PCAP.PP.CD,1670,1730,1720,1750,1850,1980,2110,2250,2240,2270,2420,2560,2640,2750,2860,2990,3130,3250
Kyrgyz Republic,KGZ,"GNI per capita, PPP (current international $)",NY.GNP.PCAP.PP.CD,1550,1690,1700,1840,1980,2030,2180,2420,2570,2640,2560,2610,2850,3040,3210,3310,3380,3620
Cambodia,KHM,"GNI per capita, PPP (current international $)",NY.GNP.PCAP.PP.CD,1050,1140,1200,1310,1460,1670,1890,2120,2260,2240,2360,2530,2710,2940,3120,3290,3510,3760
Kiribati,KIR,"GNI per capita, PPP (current international $)",NY.GNP.PCAP.PP.CD,2590,2730,2620,2520,2510,2530,2570,2490,2520,2400,2470,2340,2600,2980,3600,4340,3760,3850
"Korea, Rep.",KOR,"GNI per capita, PPP (current international $)",NY.GNP.PCAP.PP.CD,17950,19050,20690,21290,22900,24010,25730,27740,28650,28250,30410,31410,32430,32850,33690,35300,36730,38340
Kuwait,KWT,"GNI per capita, PPP (current international $)",NY.GNP.PCAP.PP.CD,65260,63310,62100,72300,82120,90620,97870,101140,96570,86320,79080,82080,84810,82500,81790,81000,83150,83310
Lao PDR,LAO,"GNI per capita, PPP (current international $)",NY.GNP.PCAP.PP.CD,1890,2020,2140,2230,2440,2710,2890,3200,3420,3710,3870,4190,4590,5010,5470,5860,6270,6650
Lebanon,LBN,"GNI per capita, PPP (current international $)",NY.GNP.PCAP.PP.CD,10120,10120,9710,8510,10320,10930,11440,13060,14230,15190,15910,15600,15260,14830,14390,14040,14050,14690
Liberia,LBR,"GNI per capita, PPP (current international $)",NY.GNP.PCAP.PP.CD,540,470,480,310,330,380,430,490,530,580,590,680,670,720,710,720,700,710
Libya,LBY,"GNI per capita, PPP (current international $)",NY.GNP.PCAP.PP.CD,,,17230,19700,20240,23050,25490,27300,28070,27770,29020,11210,24820,22180,17490,16450,15780,19940
Liechtenstein,LIE,"GNI per capita, PPP (current international $)",NY.GNP.PCAP.PP.CD,,,,,,,,,,,,,,,,,,
Sri Lanka,LKA,"GNI per capita, PPP (current international $)",NY.GNP.PCAP.PP.CD,4310,4310,4530,4890,5250,5700,6260,6840,7240,7600,8270,9100,9980,10350,10960,11500,12010,12470
Lesotho,LSO,"GNI per capita, PPP (current international $)",NY.GNP.PCAP.PP.CD,1800,2140,2180,2270,2260,2260,2320,2710,2860,2830,2940,2960,3080,3100,3120,3210,3340,3510
Lithuania,LTU,"GNI per capita, PPP (current international $)",NY.GNP.PCAP.PP.CD,8300,9330,10380,11770,12780,14330,16170,18370,20040,18480,19740,22020,23910,25970,27810,27610,28680,31030
Luxembourg,LUX,"GNI per capita, PPP (current international $)",NY.GNP.PCAP.PP.CD,49170,50470,49830,49090,58830,63170,63630,72880,71800,55870,61980,64050,63710,63840,65770,67970,69640,72690
Latvia,LVA,"GNI per capita, PPP (current international $)",NY.GNP.PCAP.PP.CD,8010,9070,10090,10970,11970,13700,15360,17590,19180,18060,17800,19770,21110,22670,23790,24400,25530,27400
"Macao SAR, China",MAC,"GNI per capita, PPP (current international $)",NY.GNP.PCAP.PP.CD,30870,34410,37090,40560,49750,53620,58810,74960,69530,70380,85790,101000,107980,117970,118020,98320,96570,
Morocco,MAR,"GNI per capita, PPP (current international $)",NY.GNP.PCAP.PP.CD,3480,3780,3930,4200,4490,4750,5200,5480,5850,6000,6230,6580,6780,7140,7270,7620,7710,8060
Monaco,MCO,"GNI per capita, PPP (current international $)",NY.GNP.PCAP.PP.CD,,,,,,,,,,,,,,,,,,
Moldova,MDA,"GNI per capita, PPP (current international $)",NY.GNP.PCAP.PP.CD,1870,2130,2340,2680,2990,3300,3570,3700,4090,3730,4150,4520,4700,5210,5540,5410,5720,6060
Madagascar,MDG,"GNI per capita, PPP (current international $)",NY.GNP.PCAP.PP.CD,1120,1190,1020,1110,1160,1220,1280,1370,1460,1360,1340,1350,1350,1370,1400,1410,1440,1510
Maldives,MDV,"GNI per capita, PPP (current international $)",NY.GNP.PCAP.PP.CD,7370,7220,7690,8620,9200,8040,10180,9570,10720,9930,10350,11320,11640,12100,13080,13380,14070,15350
Mexico,MEX,"GNI per capita, PPP (current international $)",NY.GNP.PCAP.PP.CD,10200,10220,10290,10530,11180,11990,13010,13920,14520,14210,14910,15960,16420,16440,17130,16860,17160,17840
Marshall Islands,MHL,"GNI per capita, PPP (current international $)",NY.GNP.PCAP.PP.CD,3040,3270,3340,3380,3490,3740,3860,4090,4070,4000,4120,4280,4270,4580,4930,5400,5370,5560
Mali,MLI,"GNI per capita, PPP (current international $)",NY.GNP.PCAP.PP.CD,1150,1270,1270,1410,1420,1520,1580,1640,1700,1730,1760,1810,1760,1800,1910,2000,2070,2160
Malta,MLT,"GNI per capita, PPP (current international $)",NY.GNP.PCAP.PP.CD,19010,19820,20670,20820,21360,21520,22390,24110,25530,24350,26380,27690,28240,29700,31700,34410,35230,36740
Myanmar,MMR,"GNI per capita, PPP (current international $)",NY.GNP.PCAP.PP.CD,1040,1160,1310,1510,1740,2020,2340,2680,2990,3310,3650,3900,4060,4460,4780,5160,5530,5830
Montenegro,MNE,"GNI per capita, PPP (current international $)",NY.GNP.PCAP.PP.CD,6310,7120,7500,7760,8240,8410,10620,12590,14020,13050,13550,14590,14100,15160,15580,16690,17870,19150
Mongolia,MNG,"GNI per capita, PPP (current international $)",NY.GNP.PCAP.PP.CD,3670,3840,4040,4350,4890,5270,5880,6490,7050,6830,6940,8150,9200,10470,10980,11160,11420,11170
Northern Mariana Islands,MNP,"GNI per capita, PPP (current international $)",NY.GNP.PCAP.PP.CD,,,,,,,,,,,,,,,,,,
Mozambique,MOZ,"GNI per capita, PPP (current international $)",NY.GNP.PCAP.PP.CD,430,480,470,550,580,630,670,730,780,840,870,940,1010,1070,1120,1170,1190,1200
Mauritania,MRT,"GNI per capita, PPP (current international $)",NY.GNP.PCAP.PP.CD,2200,2150,2290,2390,2520,2740,3090,3190,3240,3200,3200,3270,3400,3580,3750,3690,3760,3900
Mauritius,MUS,"GNI per capita, PPP (current international $)",NY.GNP.PCAP.PP.CD,8720,9170,9440,9820,10640,11060,12390,13650,14470,14750,15800,16610,17470,18280,18740,19940,20990,22570
Malawi,MWI,"GNI per capita, PPP (current international $)",NY.GNP.PCAP.PP.CD,670,640,640,680,710,740,780,850,910,960,1000,1040,1040,1070,1120,1120,1140,1180
Malaysia,MYS,"GNI per capita, PPP (current international $)",NY.GNP.PCAP.PP.CD,11880,12060,12740,13640,14710,15810,17160,18530,19280,18980,20020,21300,22160,23230,24640,25880,26900,28650
Namibia,NAM,"GNI per capita, PPP (current international $)",NY.GNP.PCAP.PP.CD,4880,4920,5210,5670,6260,6360,7010,7490,7760,7710,7970,8490,8770,9510,10110,10570,10360,10320
New Caledonia,NCL,"GNI per capita, PPP (current international $)",NY.GNP.PCAP.PP.CD,,,,,,,,,,,,,,,,,,
Niger,NER,"GNI per capita, PPP (current international $)",NY.GNP.PCAP.PP.CD,590,630,630,650,650,680,710,730,780,750,790,800,860,880,940,950,970,990
Nigeria,NGA,"GNI per capita, PPP (current international $)",NY.GNP.PCAP.PP.CD,1960,2130,2170,2350,3150,3250,3890,3980,4200,4340,4780,4970,5180,5390,5780,5880,5740,5680
Nicaragua,NIC,"GNI per capita, PPP (current international $)",NY.GNP.PCAP.PP.CD,2630,2710,2760,2850,3060,3280,3430,3680,3930,3780,3940,4230,4530,4770,5040,5330,5550,5680
Netherlands,NLD,"GNI per capita, PPP (current international $)",NY.GNP.PCAP.PP.CD,32100,32640,33840,34000,35860,37020,41230,43860,44990,44080,44900,46910,47670,49350,48480,49250,49930,52200
Norway,NOR,"GNI per capita, PPP (current international $)",NY.GNP.PCAP.PP.CD,36460,37850,38070,38770,42580,48300,54130,55690,61400,55700,58560,62640,65920,67770,68100,64280,61640,63980
Nepal,NPL,"GNI per capita, PPP (current international $)",NY.GNP.PCAP.PP.CD,1220,1290,1280,1340,1420,1500,1590,1680,1790,1880,1960,2040,2160,2260,2430,2500,2520,2710
Nauru,NRU,"GNI per capita, PPP (current international $)",NY.GNP.PCAP.PP.CD,,,,,,,,5230,5560,6680,7520,8160,9650,12750,15790,16190,17510,17960
New Zealand,NZL,"GNI per capita, PPP (current international $)",NY.GNP.PCAP.PP.CD,20290,21380,22130,22830,23670,24020,25900,27290,27700,29440,29710,31250,31610,34740,35730,36090,37190,39740
Oman,OMN,"GNI per capita, PPP (current international $)",NY.GNP.PCAP.PP.CD,33500,35470,34420,34270,35150,35490,34810,39590,41210,41510,41710,39560,41270,41610,40220,41600,41750,40240
Pakistan,PAK,"GNI per capita, PPP (current international $)",NY.GNP.PCAP.PP.CD,2740,2790,2920,3130,3350,3650,3900,4110,4190,4280,4360,4500,4680,4860,5090,5310,5560,5830
Panama,PAN,"GNI per capita, PPP (current international $)",NY.GNP.PCAP.PP.CD,8090,8120,8550,8640,9230,9980,10990,12270,13590,13560,13910,16080,17550,18560,19710,19500,20160,21890
Peru,PER,"GNI per capita, PPP (current international $)",NY.GNP.PCAP.PP.CD,5090,5200,5460,5670,5930,6340,6810,7520,8340,8450,9040,9670,10450,11250,11610,12100,12490,12890
Philippines,PHL,"GNI per capita, PPP (current international $)",NY.GNP.PCAP.PP.CD,3920,4080,4220,4400,4720,5040,5340,5710,5990,6210,6610,6840,7350,7930,8410,8850,9390,10030
Palau,PLW,"GNI per capita, PPP (current international $)",NY.GNP.PCAP.PP.CD,9070,9660,9920,10060,11040,12370,12090,12420,11590,11660,11520,12500,12940,12540,13170,14000,14330,13950
Papua New Guinea,PNG,"GNI per capita, PPP (current international $)",NY.GNP.PCAP.PP.CD,2040,1990,1980,1930,2030,2230,2230,2540,2580,2720,2880,2960,3090,3210,3750,3890,3960,4040
Poland,POL,"GNI per capita, PPP (current international $)",NY.GNP.PCAP.PP.CD,10610,11080,11740,12140,12920,13660,14830,16280,17970,18700,20380,22110,23090,23970,24730,25690,26300,27920
Puerto Rico,PRI,"GNI per capita, PPP (current international $)",NY.GNP.PCAP.PP.CD,16500,16970,17170,17660,20060,20590,21310,22220,22120,21650,21720,22390,23640,24310,24810,25350,25240,
"Korea, Dem. People’s Rep.",PRK,"GNI per capita, PPP (current international $)",NY.GNP.PCAP.PP.CD,,,,,,,,,,,,,,,,,,
Portugal,PRT,"GNI per capita, PPP (current international $)",NY.GNP.PCAP.PP.CD,18520,19160,20010,20580,21160,22390,23880,24880,25590,25500,26420,26260,25810,27520,28250,28720,29920,30980
Paraguay,PRY,"GNI per capita, PPP (current international $)",NY.GNP.PCAP.PP.CD,4170,4220,4330,4130,4410,4590,5080,5740,6220,5850,6640,7120,6940,8020,8510,8690,9050,9180
West Bank and Gaza,PSE,"GNI per capita, PPP (current international $)",NY.GNP.PCAP.PP.CD,3720,3350,3220,3510,3780,4300,4180,4160,3820,4340,4360,4670,5310,5090,5080,5700,5830,5560
Qatar,QAT,"GNI per capita, PPP (current international $)",NY.GNP.PCAP.PP.CD,,,,,93330,85220,102970,106010,108270,102410,109930,119120,119330,120290,121580,124760,126550,128060
Romania,ROU,"GNI per capita, PPP (current international $)",NY.GNP.PCAP.PP.CD,5840,6540,7110,7640,8760,9440,11300,13350,16310,16240,16770,17700,18660,19430,20350,21060,22440,25150
Russian Federation,RUS,"GNI per capita, PPP (current international $)",NY.GNP.PCAP.PP.CD,6650,7270,7880,8970,10010,11540,14480,16280,19600,18760,19860,23600,25000,25330,24950,24060,24130,24890
Rwanda,RWA,"GNI per capita, PPP (current international $)",NY.GNP.PCAP.PP.CD,620,660,750,760,830,920,1010,1100,1210,1260,1330,1420,1530,1580,1680,1800,1880,1990
Saudi Arabia,SAU,"GNI per capita, PPP (current international $)",NY.GNP.PCAP.PP.CD,34300,33950,32480,35670,38550,40880,42210,43170,45630,43920,45100,49220,51240,52020,53570,55380,55840,54770
Sudan,SDN,"GNI per capita, PPP (current international $)",NY.GNP.PCAP.PP.CD,1710,1790,1890,1980,2060,2240,2500,2770,2970,2990,3040,3480,3820,2700,3980,4150,4290,4480
Senegal,SEN,"GNI per capita, PPP (current international $)",NY.GNP.PCAP.PP.CD,1490,1550,1540,1650,1750,1860,1920,2010,2070,2060,2110,2120,2180,2220,2280,2370,2480,2620
Singapore,SGP,"GNI per capita, PPP (current international $)",NY.GNP.PCAP.PP.CD,40730,39990,41190,44220,47330,51530,57880,62440,60590,58800,70250,73260,74530,78540,83190,83760,84500,90570
Solomon Islands,SLB,"GNI per capita, PPP (current international $)",NY.GNP.PCAP.PP.CD,1440,1330,1260,1340,1420,1500,1620,1610,1560,1260,1340,1490,1890,2060,2110,2220,2210,2270
Sierra Leone,SLE,"GNI per capita, PPP (current international $)",NY.GNP.PCAP.PP.CD,700,650,800,850,890,920,960,1110,1200,1230,1190,1230,1470,1700,1740,1380,1310,1480
El Salvador,SLV,"GNI per capita, PPP (current international $)",NY.GNP.PCAP.PP.CD,4900,5070,5200,5360,5600,5970,6410,6800,7150,6850,6990,7230,7270,7470,7720,8050,8260,7540
San Marino,SMR,"GNI per capita, PPP (current international $)",NY.GNP.PCAP.PP.CD,,,,,,,,,,,,,,,,,,
Somalia,SOM,"GNI per capita, PPP (current international $)",NY.GNP.PCAP.PP.CD,,,,,,,,,,,,,,,,,,
Serbia,SRB,"GNI per capita, PPP (current international $)",NY.GNP.PCAP.PP.CD,5730,6150,6770,7150,8000,8600,9480,10260,11590,11640,11810,12670,12660,13190,13210,13210,13670,14040
South Sudan,SSD,"GNI per capita, PPP (current international $)",NY.GNP.PCAP.PP.CD,,,,,,,,,,,,2130,1520,1870,1840,1830,1440,
Sao Tome and Principe,STP,"GNI per capita, PPP (current international $)",NY.GNP.PCAP.PP.CD,,1560,1590,1720,1780,1940,2230,2330,2430,2450,2600,2700,2720,2910,3110,3130,3250,3370
Suriname,SUR,"GNI per capita, PPP (current international $)",NY.GNP.PCAP.PP.CD,7700,6290,7730,8230,8970,10170,11240,12240,12940,13230,13590,14010,14820,15550,15910,15640,14460,14290
Slovak Republic,SVK,"GNI per capita, PPP (current international $)",NY.GNP.PCAP.PP.CD,11300,12380,13240,13430,14590,16160,18300,20530,23250,22900,24430,24900,26140,27640,28560,28990,30030,30880
Slovenia,SVN,"GNI per capita, PPP (current international $)",NY.GNP.PCAP.PP.CD,18080,19030,20210,20980,22550,23800,25530,27060,28940,27100,27510,28580,28640,29400,30570,30520,31810,33980
Sweden,SWE,"GNI per capita, PPP (current international $)",NY.GNP.PCAP.PP.CD,29280,29670,30650,32060,33770,34480,38460,41870,43380,40670,42850,44720,45830,46720,47520,48510,49460,50980
Sint Maarten (Dutch part),SXM,"GNI per capita, PPP (current international $)",NY.GNP.PCAP.PP.CD,,,,,,,,,,,,,,,,,,
Seychelles,SYC,"GNI per capita, PPP (current international $)",NY.GNP.PCAP.PP.CD,13870,14200,13140,13270,14320,16030,17690,18380,17630,17880,18840,20990,21730,23090,23950,24870,26030,26860
Syrian Arab Republic,SYR,"GNI per capita, PPP (current international $)",NY.GNP.PCAP.PP.CD,,,,,,,,,,,,,,,,,,
Turks and Caicos Islands,TCA,"GNI per capita, PPP (current international $)",NY.GNP.PCAP.PP.CD,,,,,,,,,,,,,,,,,,
Chad,TCD,"GNI per capita, PPP (current international $)",NY.GNP.PCAP.PP.CD,780,850,890,860,1150,1350,1340,1410,1400,1630,1820,1820,1950,1980,2090,2130,1990,1920
Togo,TGO,"GNI per capita, PPP (current international $)",NY.GNP.PCAP.PP.CD,990,970,960,1000,1020,1030,1080,1110,1010,1020,1030,1050,1090,1110,1250,1490,1550,1620
Thailand,THA,"GNI per capita, PPP (current international $)",NY.GNP.PCAP.PP.CD,7140,7420,7870,8490,9190,9800,10630,11470,11810,11770,12660,13210,14040,14310,14850,15400,16140,17090
Tajikistan,TJK,"GNI per capita, PPP (current international $)",NY.GNP.PCAP.PP.CD,900,990,1090,1200,1360,1470,1580,1740,1890,1930,2550,2820,3020,3340,3320,3360,3500,3670
Turkmenistan,TKM,"GNI per capita, PPP (current international $)",NY.GNP.PCAP.PP.CD,3970,4330,4380,4630,4930,5380,6350,7150,8040,8400,8920,10130,11280,12500,13740,15030,16430,17320
Timor-Leste,TLS,"GNI per capita, PPP (current international $)",NY.GNP.PCAP.PP.CD,3480,3650,4050,3280,2610,2620,3930,5830,7060,6950,7250,7860,6630,6620,5460,7120,7110,6330
Tonga,TON,"GNI per capita, PPP (current international $)",NY.GNP.PCAP.PP.CD,3630,3820,4090,4190,4280,4400,4550,4480,4660,4830,5040,5250,5380,5250,5340,5580,5780,6050
Trinidad and Tobago,TTO,"GNI per capita, PPP (current international $)",NY.GNP.PCAP.PP.CD,13400,14480,15930,18370,20930,22420,25940,27940,29340,27870,29140,27260,29050,30580,30760,33240,31420,30520
Tunisia,TUN,"GNI per capita, PPP (current international $)",NY.GNP.PCAP.PP.CD,5740,6060,6180,6570,7100,7440,8040,8650,9050,9400,9750,9640,10150,10460,10940,11110,11160,11490
Turkey,TUR,"GNI per capita, PPP (current international $)",NY.GNP.PCAP.PP.CD,9440,8990,9150,9430,10710,11760,13470,14710,15890,15300,17300,19490,20480,22110,23820,24570,24980,26160
Tuvalu,TUV,"GNI per capita, PPP (current international $)",NY.GNP.PCAP.PP.CD,,4700,5790,4030,4440,4390,4410,5140,5110,5240,4680,4750,4050,5030,4440,5710,5720,5780
Tanzania,TZA,"GNI per capita, PPP (current international $)",NY.GNP.PCAP.PP.CD,1160,1200,1300,1370,1470,1590,1690,1810,1890,1940,2030,2170,2240,2370,2500,2610,2740,2920
Uganda,UGA,"GNI per capita, PPP (current international $)",NY.GNP.PCAP.PP.CD,820,840,900,950,1000,1060,1170,1270,1360,1410,1460,1580,1610,1630,1690,1740,1780,1820
Ukraine,UKR,"GNI per capita, PPP (current international $)",NY.GNP.PCAP.PP.CD,3690,4210,4560,5150,5970,6380,7070,7890,8320,7090,7550,8090,8330,8480,8570,7850,8190,8900
Uruguay,URY,"GNI per capita, PPP (current international $)",NY.GNP.PCAP.PP.CD,10180,9990,9440,9260,9970,11220,12100,13200,14270,14890,16110,17300,18250,19290,20180,20530,21030,21870
United States,USA,"GNI per capita, PPP (current international $)",NY.GNP.PCAP.PP.CD,36930,37860,38590,39960,42260,44740,47390,48420,48640,47250,48880,50710,52850,53990,56150,57880,58650,60200
Uzbekistan,UZB,"GNI per capita, PPP (current international $)",NY.GNP.PCAP.PP.CD,1950,2050,2150,2260,2490,2730,2970,3460,3840,3990,4280,4650,5070,5540,5920,6200,6640,7130
"Venezuela, RB",VEN,"GNI per capita, PPP (current international $)",NY.GNP.PCAP.PP.CD,11290,11660,10460,9680,11500,13110,14740,16450,17230,16370,16010,16550,17530,17700,17440,,,
Virgin Islands (U.S.),VIR,"GNI per capita, PPP (current international $)",NY.GNP.PCAP.PP.CD,,,,,,,,,,,,,,,,,,
Vietnam,VNM,"GNI per capita, PPP (current international $)",NY.GNP.PCAP.PP.CD,2160,2330,2490,2680,2950,2980,3240,3510,3740,3880,4150,4430,4710,4980,5280,5610,6040,6450
Vanuatu,VUT,"GNI per capita, PPP (current international $)",NY.GNP.PCAP.PP.CD,2130,2130,1940,2000,2080,2170,2420,2530,2830,2790,2790,2830,2770,2970,3050,2920,3050,3170
Samoa,WSM,"GNI per capita, PPP (current international $)",NY.GNP.PCAP.PP.CD,3430,3750,3940,4020,4380,4500,4620,5030,5130,4970,5140,5460,5480,5450,5590,5800,6230,6390
Kosovo,XKX,"GNI per capita, PPP (current international $)",NY.GNP.PCAP.PP.CD,,,,,,,6570,7330,7530,7580,7860,8410,8800,9090,9350,9900,10330,11050
"Yemen, Rep.",YEM,"GNI per capita, PPP (current international $)",NY.GNP.PCAP.PP.CD,2840,2960,3020,3070,3150,3340,3580,3700,3770,3940,4130,3530,3690,3830,3730,2580,2380,
South Africa,ZAF,"GNI per capita, PPP (current international $)",NY.GNP.PCAP.PP.CD,7380,7590,7940,8210,8770,9420,10140,10700,11160,11050,11400,11810,12100,12440,12700,12850,12880,13090
Zambia,ZMB,"GNI per capita, PPP (current international $)",NY.GNP.PCAP.PP.CD,1590,1680,1740,1860,1920,2040,2170,2310,2550,2880,3000,3200,3530,3550,3750,3800,3850,3920
Zimbabwe,ZWE,"GNI per capita, PPP (current international $)",NY.GNP.PCAP.PP.CD,1940,2000,1840,1550,1470,1410,1370,1320,1050,1100,1240,1390,1610,1750,1790,1790,1810,1850
