﻿Country Name,Country Code,Indicator Name,Indicator Code,2000,2001,2002,2003,2004,2005,2006,2007,2008,2009,2010,2011,2012,2013,2014,2015,2016,2017
Aruba,ABW,"Prevalence of HIV, total (% of population ages 15-49)",SH.DYN.AIDS.ZS,,,,,,,,,,,,,,,,,,
Afghanistan,AFG,"Prevalence of HIV, total (% of population ages 15-49)",SH.DYN.AIDS.ZS,,,,,,,,,,,,,,,,,,
Angola,AGO,"Prevalence of HIV, total (% of population ages 15-49)",SH.DYN.AIDS.ZS,1,1.1,1.2,1.3,1.3,1.4,1.5,1.6,1.6,1.7,1.8,1.8,1.8,1.9,1.9,1.9,1.9,1.9
Albania,ALB,"Prevalence of HIV, total (% of population ages 15-49)",SH.DYN.AIDS.ZS,0.1,0.1,0.1,0.1,0.1,0.1,0.1,0.1,0.1,0.1,0.1,0.1,0.1,0.1,0.1,0.1,0.1,0.1
Andorra,AND,"Prevalence of HIV, total (% of population ages 15-49)",SH.DYN.AIDS.ZS,,,,,,,,,,,,,,,,,,
United Arab Emirates,ARE,"Prevalence of HIV, total (% of population ages 15-49)",SH.DYN.AIDS.ZS,,,,,,,,,,,,,,,,,,
Argentina,ARG,"Prevalence of HIV, total (% of population ages 15-49)",SH.DYN.AIDS.ZS,0.3,0.3,0.3,0.3,0.3,0.3,0.3,0.4,0.4,0.4,0.4,0.4,0.4,0.4,0.4,0.4,0.4,0.4
Armenia,ARM,"Prevalence of HIV, total (% of population ages 15-49)",SH.DYN.AIDS.ZS,0.1,0.1,0.1,0.2,0.2,0.2,0.2,0.2,0.2,0.2,0.2,0.2,0.2,0.2,0.2,0.2,0.2,0.2
American Samoa,ASM,"Prevalence of HIV, total (% of population ages 15-49)",SH.DYN.AIDS.ZS,,,,,,,,,,,,,,,,,,
Antigua and Barbuda,ATG,"Prevalence of HIV, total (% of population ages 15-49)",SH.DYN.AIDS.ZS,,,,,,,,,,,,,,,,,,
Australia,AUS,"Prevalence of HIV, total (% of population ages 15-49)",SH.DYN.AIDS.ZS,0.1,0.1,0.1,0.1,0.1,0.1,0.1,0.1,0.1,0.1,0.1,0.1,0.1,0.1,0.1,0.1,0.1,0.1
Austria,AUT,"Prevalence of HIV, total (% of population ages 15-49)",SH.DYN.AIDS.ZS,0.1,0.1,0.1,0.1,0.1,0.1,0.1,0.1,0.1,0.1,0.1,0.1,0.1,0.1,0.1,0.1,0.1,0.1
Azerbaijan,AZE,"Prevalence of HIV, total (% of population ages 15-49)",SH.DYN.AIDS.ZS,0.1,0.1,0.1,0.1,0.1,0.1,0.1,0.1,0.1,0.1,0.1,0.1,0.1,0.1,0.1,0.1,0.1,0.1
Burundi,BDI,"Prevalence of HIV, total (% of population ages 15-49)",SH.DYN.AIDS.ZS,3.5,3.3,3,2.8,2.5,2.3,2,1.9,1.7,1.6,1.5,1.4,1.3,1.2,1.2,1.1,1.1,1.1
Belgium,BEL,"Prevalence of HIV, total (% of population ages 15-49)",SH.DYN.AIDS.ZS,,,,,,,,,,,,,,,,,,
Benin,BEN,"Prevalence of HIV, total (% of population ages 15-49)",SH.DYN.AIDS.ZS,1.4,1.4,1.4,1.4,1.4,1.3,1.3,1.2,1.1,1.1,1.1,1.1,1.1,1.1,1.1,1,1,1
Burkina Faso,BFA,"Prevalence of HIV, total (% of population ages 15-49)",SH.DYN.AIDS.ZS,2.5,2.3,2.1,1.8,1.6,1.5,1.4,1.2,1.2,1.1,1,1,0.9,0.9,0.9,0.8,0.8,0.8
Bangladesh,BGD,"Prevalence of HIV, total (% of population ages 15-49)",SH.DYN.AIDS.ZS,0.1,0.1,0.1,0.1,0.1,0.1,0.1,0.1,0.1,0.1,0.1,0.1,0.1,0.1,0.1,0.1,0.1,0.1
Bulgaria,BGR,"Prevalence of HIV, total (% of population ages 15-49)",SH.DYN.AIDS.ZS,0.1,0.1,0.1,0.1,0.1,0.1,0.1,0.1,0.1,0.1,0.1,0.1,0.1,0.1,0.1,0.1,0.1,0.1
Bahrain,BHR,"Prevalence of HIV, total (% of population ages 15-49)",SH.DYN.AIDS.ZS,0.1,0.1,0.1,0.1,0.1,0.1,0.1,0.1,0.1,0.1,0.1,0.1,0.1,0.1,0.1,0.1,0.1,0.1
"Bahamas, The",BHS,"Prevalence of HIV, total (% of population ages 15-49)",SH.DYN.AIDS.ZS,2.9,2.8,2.7,2.7,2.6,2.6,2.6,2.5,2.5,2.4,2.4,2.3,2.3,2.2,2.1,2,2,1.9
Bosnia and Herzegovina,BIH,"Prevalence of HIV, total (% of population ages 15-49)",SH.DYN.AIDS.ZS,,,,,,,,,,,,,,,,,,
Belarus,BLR,"Prevalence of HIV, total (% of population ages 15-49)",SH.DYN.AIDS.ZS,0.1,0.1,0.1,0.1,0.1,0.1,0.1,0.1,0.1,0.1,0.2,0.2,0.2,0.3,0.3,0.4,0.4,0.4
Belize,BLZ,"Prevalence of HIV, total (% of population ages 15-49)",SH.DYN.AIDS.ZS,1,1.1,1.2,1.2,1.3,1.4,1.4,1.5,1.5,1.6,1.6,1.7,1.7,1.8,1.8,1.8,1.9,1.9
Bermuda,BMU,"Prevalence of HIV, total (% of population ages 15-49)",SH.DYN.AIDS.ZS,,,,,,,,,,,,,,,,,,
Bolivia,BOL,"Prevalence of HIV, total (% of population ages 15-49)",SH.DYN.AIDS.ZS,0.2,0.2,0.2,0.2,0.3,0.3,0.3,0.3,0.3,0.3,0.3,0.3,0.3,0.3,0.3,0.3,0.3,0.3
Brazil,BRA,"Prevalence of HIV, total (% of population ages 15-49)",SH.DYN.AIDS.ZS,0.3,0.4,0.4,0.4,0.4,0.4,0.5,0.5,0.5,0.5,0.5,0.5,0.5,0.6,0.6,0.6,0.6,0.6
Barbados,BRB,"Prevalence of HIV, total (% of population ages 15-49)",SH.DYN.AIDS.ZS,0.4,0.5,0.5,0.6,0.7,0.8,0.9,1,1.1,1.2,1.3,1.3,1.4,1.5,1.5,1.5,1.6,1.6
Brunei Darussalam,BRN,"Prevalence of HIV, total (% of population ages 15-49)",SH.DYN.AIDS.ZS,,,,,,,,,,,,,,,,,,
Bhutan,BTN,"Prevalence of HIV, total (% of population ages 15-49)",SH.DYN.AIDS.ZS,,,,,,,,,,,,,,,,,,
Botswana,BWA,"Prevalence of HIV, total (% of population ages 15-49)",SH.DYN.AIDS.ZS,27,26.8,26.3,25.6,25,24.5,24.1,23.8,23.6,23.4,23.2,23.1,23.1,23.1,23.1,23.1,23,22.8
Central African Republic,CAF,"Prevalence of HIV, total (% of population ages 15-49)",SH.DYN.AIDS.ZS,9.3,8.7,8.2,7.6,7,6.5,6,5.6,5.3,5.1,4.9,4.8,4.6,4.5,4.3,4.2,4.1,4
Canada,CAN,"Prevalence of HIV, total (% of population ages 15-49)",SH.DYN.AIDS.ZS,,,,,,,,,,,,,,,,,,
Switzerland,CHE,"Prevalence of HIV, total (% of population ages 15-49)",SH.DYN.AIDS.ZS,,,,,,,,,,,,,,,,,,
Chile,CHL,"Prevalence of HIV, total (% of population ages 15-49)",SH.DYN.AIDS.ZS,0.2,0.2,0.2,0.3,0.3,0.3,0.3,0.3,0.3,0.3,0.4,0.4,0.4,0.4,0.5,0.5,0.5,0.6
China,CHN,"Prevalence of HIV, total (% of population ages 15-49)",SH.DYN.AIDS.ZS,,,,,,,,,,,,,,,,,,
Cote d'Ivoire,CIV,"Prevalence of HIV, total (% of population ages 15-49)",SH.DYN.AIDS.ZS,7.7,7.2,6.7,6.1,5.6,5.1,4.7,4.4,4.1,3.9,3.6,3.5,3.3,3.2,3,2.9,2.8,2.8
Cameroon,CMR,"Prevalence of HIV, total (% of population ages 15-49)",SH.DYN.AIDS.ZS,4.6,4.8,5,5.1,5.1,5.1,5,4.9,4.8,4.7,4.6,4.5,4.4,4.2,4.1,3.9,3.8,3.7
"Congo, Dem. Rep.",COD,"Prevalence of HIV, total (% of population ages 15-49)",SH.DYN.AIDS.ZS,2.1,2.1,2,1.9,1.8,1.7,1.6,1.5,1.4,1.3,1.2,1.1,1,0.9,0.9,0.8,0.7,0.7
"Congo, Rep.",COG,"Prevalence of HIV, total (% of population ages 15-49)",SH.DYN.AIDS.ZS,4.3,4.1,3.9,3.8,3.6,3.5,3.4,3.3,3.3,3.2,3.2,3.2,3.2,3.2,3.2,3.2,3.2,3.1
Colombia,COL,"Prevalence of HIV, total (% of population ages 15-49)",SH.DYN.AIDS.ZS,0.6,0.6,0.6,0.6,0.5,0.5,0.5,0.5,0.5,0.5,0.5,0.5,0.5,0.5,0.5,0.5,0.5,0.5
Comoros,COM,"Prevalence of HIV, total (% of population ages 15-49)",SH.DYN.AIDS.ZS,0.1,0.1,0.1,0.1,0.1,0.1,0.1,0.1,0.1,0.1,0.1,0.1,0.1,0.1,0.1,0.1,0.1,0.1
Cabo Verde,CPV,"Prevalence of HIV, total (% of population ages 15-49)",SH.DYN.AIDS.ZS,0.9,0.9,0.9,0.9,0.9,0.8,0.8,0.8,0.7,0.7,0.7,0.7,0.7,0.6,0.6,0.6,0.6,0.6
Costa Rica,CRI,"Prevalence of HIV, total (% of population ages 15-49)",SH.DYN.AIDS.ZS,0.1,0.1,0.2,0.2,0.2,0.2,0.2,0.2,0.2,0.2,0.3,0.3,0.3,0.3,0.3,0.4,0.4,0.4
Cuba,CUB,"Prevalence of HIV, total (% of population ages 15-49)",SH.DYN.AIDS.ZS,0.1,0.1,0.1,0.1,0.1,0.1,0.2,0.2,0.2,0.2,0.3,0.3,0.3,0.3,0.4,0.4,0.4,0.4
Cayman Islands,CYM,"Prevalence of HIV, total (% of population ages 15-49)",SH.DYN.AIDS.ZS,,,,,,,,,,,,,,,,,,
Cyprus,CYP,"Prevalence of HIV, total (% of population ages 15-49)",SH.DYN.AIDS.ZS,0.1,0.1,0.1,0.1,0.1,0.1,0.1,0.1,0.1,0.1,0.1,0.1,0.1,0.1,0.1,0.1,0.1,0.1
Czech Republic,CZE,"Prevalence of HIV, total (% of population ages 15-49)",SH.DYN.AIDS.ZS,0.1,0.1,0.1,0.1,0.1,0.1,0.1,0.1,0.1,0.1,0.1,0.1,0.1,0.1,0.1,0.1,0.1,0.1
Germany,DEU,"Prevalence of HIV, total (% of population ages 15-49)",SH.DYN.AIDS.ZS,0.1,0.1,0.1,0.1,0.1,0.1,0.1,0.1,0.1,0.1,0.1,0.1,0.1,0.1,0.1,0.2,0.2,0.2
Djibouti,DJI,"Prevalence of HIV, total (% of population ages 15-49)",SH.DYN.AIDS.ZS,2.7,2.8,2.8,2.8,2.6,2.5,2.3,2.2,2,1.9,1.7,1.6,1.5,1.5,1.4,1.4,1.3,1.3
Dominica,DMA,"Prevalence of HIV, total (% of population ages 15-49)",SH.DYN.AIDS.ZS,,,,,,,,,,,,,,,,,,
Denmark,DNK,"Prevalence of HIV, total (% of population ages 15-49)",SH.DYN.AIDS.ZS,0.1,0.1,0.1,0.2,0.2,0.2,0.2,0.2,0.2,0.2,0.2,0.2,0.2,0.2,0.2,0.1,0.1,0.1
Dominican Republic,DOM,"Prevalence of HIV, total (% of population ages 15-49)",SH.DYN.AIDS.ZS,1.9,1.9,1.9,1.9,1.9,1.8,1.7,1.6,1.5,1.4,1.3,1.3,1.2,1.1,1,1,1,0.9
Algeria,DZA,"Prevalence of HIV, total (% of population ages 15-49)",SH.DYN.AIDS.ZS,0.1,0.1,0.1,0.1,0.1,0.1,0.1,0.1,0.1,0.1,0.1,0.1,0.1,0.1,0.1,0.1,0.1,0.1
Ecuador,ECU,"Prevalence of HIV, total (% of population ages 15-49)",SH.DYN.AIDS.ZS,0.4,0.4,0.4,0.4,0.4,0.4,0.3,0.3,0.3,0.3,0.3,0.3,0.3,0.3,0.3,0.3,0.3,0.3
"Egypt, Arab Rep.",EGY,"Prevalence of HIV, total (% of population ages 15-49)",SH.DYN.AIDS.ZS,0.1,0.1,0.1,0.1,0.1,0.1,0.1,0.1,0.1,0.1,0.1,0.1,0.1,0.1,0.1,0.1,0.1,0.1
Eritrea,ERI,"Prevalence of HIV, total (% of population ages 15-49)",SH.DYN.AIDS.ZS,1.6,1.5,1.4,1.3,1.2,1.1,1,0.9,0.9,0.8,0.8,0.7,0.7,0.7,0.6,0.6,0.6,0.6
Spain,ESP,"Prevalence of HIV, total (% of population ages 15-49)",SH.DYN.AIDS.ZS,0.4,0.4,0.4,0.4,0.4,0.4,0.4,0.4,0.4,0.4,0.4,0.4,0.4,0.4,0.4,0.4,0.4,0.4
Estonia,EST,"Prevalence of HIV, total (% of population ages 15-49)",SH.DYN.AIDS.ZS,0.2,0.3,0.4,0.5,0.5,0.5,0.5,0.5,0.6,0.6,0.6,0.6,0.6,0.6,0.6,0.6,0.7,0.7
Ethiopia,ETH,"Prevalence of HIV, total (% of population ages 15-49)",SH.DYN.AIDS.ZS,3.4,3.2,2.9,2.7,2.4,2.2,2,1.8,1.6,1.5,1.4,1.3,1.2,1.1,1.1,1,1,0.9
Fragile and conflict affected situations,FCS,"Prevalence of HIV, total (% of population ages 15-49)",SH.DYN.AIDS.ZS,3.694144723,3.635828997,3.567005183,3.478487927,3.385361562,3.272921691,3.173488686,3.082751586,3.017361619,2.956388494,2.893228536,2.829532433,2.775865928,2.723784573,2.670356385,2.613898969,2.555359705,2.512858579
Finland,FIN,"Prevalence of HIV, total (% of population ages 15-49)",SH.DYN.AIDS.ZS,,,,,,,,,,,,,,,,,,
Fiji,FJI,"Prevalence of HIV, total (% of population ages 15-49)",SH.DYN.AIDS.ZS,,,,,,,,,,,,,,,,,,
France,FRA,"Prevalence of HIV, total (% of population ages 15-49)",SH.DYN.AIDS.ZS,0.3,0.3,0.3,0.3,0.4,0.4,0.4,0.4,0.4,0.4,0.4,0.4,0.5,0.5,0.5,0.5,0.5,0.5
Faroe Islands,FRO,"Prevalence of HIV, total (% of population ages 15-49)",SH.DYN.AIDS.ZS,,,,,,,,,,,,,,,,,,
"Micronesia, Fed. Sts.",FSM,"Prevalence of HIV, total (% of population ages 15-49)",SH.DYN.AIDS.ZS,,,,,,,,,,,,,,,,,,
Gabon,GAB,"Prevalence of HIV, total (% of population ages 15-49)",SH.DYN.AIDS.ZS,3.5,3.7,3.8,3.8,3.9,4,4,4.1,4.1,4.1,4.2,4.2,4.2,4.2,4.2,4.3,4.3,4.2
United Kingdom,GBR,"Prevalence of HIV, total (% of population ages 15-49)",SH.DYN.AIDS.ZS,,,,,,,,,,,,,,,,,,
Georgia,GEO,"Prevalence of HIV, total (% of population ages 15-49)",SH.DYN.AIDS.ZS,0.1,0.1,0.1,0.1,0.1,0.1,0.1,0.2,0.2,0.2,0.2,0.3,0.3,0.3,0.4,0.4,0.4,0.4
Ghana,GHA,"Prevalence of HIV, total (% of population ages 15-49)",SH.DYN.AIDS.ZS,2.6,2.6,2.6,2.6,2.5,2.4,2.4,2.3,2.2,2.1,2,2,1.9,1.8,1.8,1.7,1.7,1.7
Gibraltar,GIB,"Prevalence of HIV, total (% of population ages 15-49)",SH.DYN.AIDS.ZS,,,,,,,,,,,,,,,,,,
Guinea,GIN,"Prevalence of HIV, total (% of population ages 15-49)",SH.DYN.AIDS.ZS,1.8,1.8,1.8,1.8,1.7,1.7,1.7,1.7,1.7,1.6,1.6,1.6,1.6,1.6,1.6,1.6,1.5,1.5
"Gambia, The",GMB,"Prevalence of HIV, total (% of population ages 15-49)",SH.DYN.AIDS.ZS,1.5,1.7,1.9,2,2.1,2.2,2.2,2.2,2.2,2.1,2.1,2,2,1.9,1.9,1.8,1.7,1.6
Guinea-Bissau,GNB,"Prevalence of HIV, total (% of population ages 15-49)",SH.DYN.AIDS.ZS,2.6,2.9,3.2,3.5,3.7,3.9,4,4,4.1,4,4,3.9,3.9,3.8,3.7,3.6,3.5,3.4
Equatorial Guinea,GNQ,"Prevalence of HIV, total (% of population ages 15-49)",SH.DYN.AIDS.ZS,3.4,3.7,3.9,4.2,4.4,4.7,4.9,5.1,5.3,5.6,5.8,6,6.1,6.3,6.4,6.5,6.5,6.5
Greece,GRC,"Prevalence of HIV, total (% of population ages 15-49)",SH.DYN.AIDS.ZS,0.1,0.1,0.1,0.1,0.1,0.1,0.1,0.1,0.1,0.1,0.1,0.1,0.2,0.2,0.2,0.2,0.2,0.2
Grenada,GRD,"Prevalence of HIV, total (% of population ages 15-49)",SH.DYN.AIDS.ZS,,,,,,,,,,,,,,,,,,
Greenland,GRL,"Prevalence of HIV, total (% of population ages 15-49)",SH.DYN.AIDS.ZS,,,,,,,,,,,,,,,,,,
Guatemala,GTM,"Prevalence of HIV, total (% of population ages 15-49)",SH.DYN.AIDS.ZS,0.3,0.3,0.4,0.4,0.4,0.4,0.5,0.5,0.5,0.5,0.5,0.5,0.5,0.5,0.5,0.5,0.5,0.4
Guam,GUM,"Prevalence of HIV, total (% of population ages 15-49)",SH.DYN.AIDS.ZS,,,,,,,,,,,,,,,,,,
Guyana,GUY,"Prevalence of HIV, total (% of population ages 15-49)",SH.DYN.AIDS.ZS,0.7,0.8,1,1.1,1.2,1.3,1.4,1.5,1.6,1.6,1.6,1.6,1.7,1.7,1.7,1.7,1.7,1.7
"Hong Kong SAR, China",HKG,"Prevalence of HIV, total (% of population ages 15-49)",SH.DYN.AIDS.ZS,,,,,,,,,,,,,,,,,,
Honduras,HND,"Prevalence of HIV, total (% of population ages 15-49)",SH.DYN.AIDS.ZS,1.1,1,1,0.9,0.8,0.7,0.7,0.6,0.6,0.5,0.5,0.5,0.4,0.4,0.4,0.4,0.4,0.3
Croatia,HRV,"Prevalence of HIV, total (% of population ages 15-49)",SH.DYN.AIDS.ZS,,,,,,,,,,,,,,,,,,
Haiti,HTI,"Prevalence of HIV, total (% of population ages 15-49)",SH.DYN.AIDS.ZS,2,2,2,2,2,2,2,1.9,2,2,2,2,2,1.9,1.9,1.9,1.9,1.9
Hungary,HUN,"Prevalence of HIV, total (% of population ages 15-49)",SH.DYN.AIDS.ZS,0.1,0.1,0.1,0.1,0.1,0.1,0.1,0.1,0.1,0.1,0.1,0.1,0.1,0.1,0.1,0.1,0.1,0.1
Indonesia,IDN,"Prevalence of HIV, total (% of population ages 15-49)",SH.DYN.AIDS.ZS,0.1,0.1,0.1,0.2,0.2,0.2,0.3,0.3,0.3,0.3,0.4,0.4,0.4,0.4,0.4,0.4,0.4,0.4
India,IND,"Prevalence of HIV, total (% of population ages 15-49)",SH.DYN.AIDS.ZS,0.5,0.5,0.5,0.4,0.4,0.4,0.4,0.3,0.3,0.3,0.3,0.3,0.3,0.2,0.2,0.2,0.2,0.2
Ireland,IRL,"Prevalence of HIV, total (% of population ages 15-49)",SH.DYN.AIDS.ZS,0.1,0.1,0.1,0.1,0.1,0.1,0.1,0.1,0.1,0.1,0.2,0.2,0.2,0.2,0.2,0.2,0.2,0.2
"Iran, Islamic Rep.",IRN,"Prevalence of HIV, total (% of population ages 15-49)",SH.DYN.AIDS.ZS,0.1,0.1,0.1,0.1,0.1,0.1,0.1,0.1,0.1,0.1,0.1,0.1,0.1,0.1,0.1,0.1,0.1,0.1
Iraq,IRQ,"Prevalence of HIV, total (% of population ages 15-49)",SH.DYN.AIDS.ZS,,,,,,,,,,,,,,,,,,
Iceland,ISL,"Prevalence of HIV, total (% of population ages 15-49)",SH.DYN.AIDS.ZS,,,,,,,,,,,,,,,,,,
Israel,ISR,"Prevalence of HIV, total (% of population ages 15-49)",SH.DYN.AIDS.ZS,,,,,,,,,,,,,,,,,,
Italy,ITA,"Prevalence of HIV, total (% of population ages 15-49)",SH.DYN.AIDS.ZS,0.3,0.3,0.3,0.3,0.3,0.3,0.3,0.3,0.3,0.3,0.3,0.3,0.3,0.3,0.2,0.2,0.2,0.2
Jamaica,JAM,"Prevalence of HIV, total (% of population ages 15-49)",SH.DYN.AIDS.ZS,2.5,2.5,2.4,2.4,2.3,2.2,2.2,2.1,2,2,2,1.9,1.9,1.9,1.8,1.8,1.8,1.8
Jordan,JOR,"Prevalence of HIV, total (% of population ages 15-49)",SH.DYN.AIDS.ZS,,,,,,,,,,,,,,,,,,
Japan,JPN,"Prevalence of HIV, total (% of population ages 15-49)",SH.DYN.AIDS.ZS,0.1,0.1,0.1,0.1,0.1,0.1,0.1,0.1,0.1,0.1,0.1,0.1,0.1,0.1,0.1,0.1,0.1,0.1
Kazakhstan,KAZ,"Prevalence of HIV, total (% of population ages 15-49)",SH.DYN.AIDS.ZS,0.1,0.1,0.1,0.1,0.1,0.1,0.1,0.1,0.1,0.1,0.1,0.1,0.1,0.1,0.2,0.2,0.2,0.2
Kenya,KEN,"Prevalence of HIV, total (% of population ages 15-49)",SH.DYN.AIDS.ZS,9.3,8.8,8.3,7.7,7.3,6.8,6.5,6.3,6.1,6,5.6,5.5,5.5,5.4,5.2,5.1,5,4.8
Kyrgyz Republic,KGZ,"Prevalence of HIV, total (% of population ages 15-49)",SH.DYN.AIDS.ZS,0.1,0.1,0.1,0.1,0.1,0.1,0.1,0.1,0.1,0.1,0.1,0.1,0.2,0.2,0.2,0.2,0.2,0.2
Cambodia,KHM,"Prevalence of HIV, total (% of population ages 15-49)",SH.DYN.AIDS.ZS,1.6,1.5,1.4,1.3,1.2,1.1,1,0.9,0.9,0.8,0.8,0.7,0.7,0.7,0.6,0.6,0.6,0.5
Kiribati,KIR,"Prevalence of HIV, total (% of population ages 15-49)",SH.DYN.AIDS.ZS,,,,,,,,,,,,,,,,,,
"Korea, Rep.",KOR,"Prevalence of HIV, total (% of population ages 15-49)",SH.DYN.AIDS.ZS,,,,,,,,,,,,,,,,,,
Kuwait,KWT,"Prevalence of HIV, total (% of population ages 15-49)",SH.DYN.AIDS.ZS,0.1,0.1,0.1,0.1,0.1,0.1,0.1,0.1,0.1,0.1,0.1,0.1,0.1,0.1,0.1,0.1,0.1,0.1
Lao PDR,LAO,"Prevalence of HIV, total (% of population ages 15-49)",SH.DYN.AIDS.ZS,0.1,0.1,0.2,0.2,0.2,0.2,0.2,0.3,0.3,0.3,0.3,0.3,0.3,0.3,0.3,0.3,0.3,0.3
Lebanon,LBN,"Prevalence of HIV, total (% of population ages 15-49)",SH.DYN.AIDS.ZS,0.1,0.1,0.1,0.1,0.1,0.1,0.1,0.1,0.1,0.1,0.1,0.1,0.1,0.1,0.1,0.1,0.1,0.1
Liberia,LBR,"Prevalence of HIV, total (% of population ages 15-49)",SH.DYN.AIDS.ZS,4.2,3.9,3.6,3.3,3,2.8,2.5,2.4,2.2,2.1,2,1.8,1.8,1.7,1.6,1.5,1.5,1.4
Libya,LBY,"Prevalence of HIV, total (% of population ages 15-49)",SH.DYN.AIDS.ZS,,,,,,,,,,,,,,,,,,
Liechtenstein,LIE,"Prevalence of HIV, total (% of population ages 15-49)",SH.DYN.AIDS.ZS,,,,,,,,,,,,,,,,,,
Sri Lanka,LKA,"Prevalence of HIV, total (% of population ages 15-49)",SH.DYN.AIDS.ZS,0.1,0.1,0.1,0.1,0.1,0.1,0.1,0.1,0.1,0.1,0.1,0.1,0.1,0.1,0.1,0.1,0.1,0.1
Lesotho,LSO,"Prevalence of HIV, total (% of population ages 15-49)",SH.DYN.AIDS.ZS,21.9,22.5,22.7,22.7,22.4,22.1,21.9,21.7,21.8,22,22.2,22.5,22.9,23.2,23.5,23.8,23.9,23.8
Lithuania,LTU,"Prevalence of HIV, total (% of population ages 15-49)",SH.DYN.AIDS.ZS,0.1,0.1,0.1,0.1,0.1,0.1,0.1,0.1,0.1,0.1,0.1,0.1,0.1,0.1,0.1,0.1,0.1,0.2
Luxembourg,LUX,"Prevalence of HIV, total (% of population ages 15-49)",SH.DYN.AIDS.ZS,0.1,0.1,0.1,0.1,0.2,0.2,0.2,0.2,0.2,0.2,0.2,0.2,0.2,0.2,0.2,0.2,0.3,0.3
Latvia,LVA,"Prevalence of HIV, total (% of population ages 15-49)",SH.DYN.AIDS.ZS,,,,,,,,,,,,,,,,,,
"Macao SAR, China",MAC,"Prevalence of HIV, total (% of population ages 15-49)",SH.DYN.AIDS.ZS,,,,,,,,,,,,,,,,,,
Morocco,MAR,"Prevalence of HIV, total (% of population ages 15-49)",SH.DYN.AIDS.ZS,0.1,0.1,0.1,0.1,0.1,0.1,0.1,0.1,0.1,0.1,0.1,0.1,0.1,0.1,0.1,0.1,0.1,0.1
Monaco,MCO,"Prevalence of HIV, total (% of population ages 15-49)",SH.DYN.AIDS.ZS,,,,,,,,,,,,,,,,,,
Moldova,MDA,"Prevalence of HIV, total (% of population ages 15-49)",SH.DYN.AIDS.ZS,0.1,0.1,0.1,0.2,0.2,0.2,0.2,0.3,0.3,0.4,0.4,0.4,0.4,0.5,0.5,0.5,0.5,0.6
Madagascar,MDG,"Prevalence of HIV, total (% of population ages 15-49)",SH.DYN.AIDS.ZS,0.2,0.2,0.2,0.2,0.2,0.2,0.2,0.2,0.2,0.2,0.2,0.2,0.2,0.2,0.2,0.2,0.2,0.3
Maldives,MDV,"Prevalence of HIV, total (% of population ages 15-49)",SH.DYN.AIDS.ZS,,,,,,,,,,,,,,,,,,
Mexico,MEX,"Prevalence of HIV, total (% of population ages 15-49)",SH.DYN.AIDS.ZS,0.2,0.2,0.2,0.2,0.2,0.2,0.2,0.2,0.2,0.2,0.2,0.2,0.3,0.3,0.3,0.3,0.3,0.3
Marshall Islands,MHL,"Prevalence of HIV, total (% of population ages 15-49)",SH.DYN.AIDS.ZS,,,,,,,,,,,,,,,,,,
Mali,MLI,"Prevalence of HIV, total (% of population ages 15-49)",SH.DYN.AIDS.ZS,1.5,1.5,1.5,1.5,1.5,1.4,1.4,1.4,1.4,1.4,1.4,1.4,1.4,1.4,1.3,1.3,1.3,1.2
Malta,MLT,"Prevalence of HIV, total (% of population ages 15-49)",SH.DYN.AIDS.ZS,,,,,,,,,,,,,,,,,,
Myanmar,MMR,"Prevalence of HIV, total (% of population ages 15-49)",SH.DYN.AIDS.ZS,0.6,0.6,0.7,0.7,0.8,0.8,0.8,0.8,0.8,0.8,0.8,0.7,0.7,0.7,0.7,0.7,0.7,0.7
Montenegro,MNE,"Prevalence of HIV, total (% of population ages 15-49)",SH.DYN.AIDS.ZS,0.1,0.1,0.1,0.1,0.1,0.1,0.1,0.1,0.1,0.1,0.1,0.1,0.1,0.1,0.1,0.1,0.1,0.1
Mongolia,MNG,"Prevalence of HIV, total (% of population ages 15-49)",SH.DYN.AIDS.ZS,0.1,0.1,0.1,0.1,0.1,0.1,0.1,0.1,0.1,0.1,0.1,0.1,0.1,0.1,0.1,0.1,0.1,0.1
Northern Mariana Islands,MNP,"Prevalence of HIV, total (% of population ages 15-49)",SH.DYN.AIDS.ZS,,,,,,,,,,,,,,,,,,
Mozambique,MOZ,"Prevalence of HIV, total (% of population ages 15-49)",SH.DYN.AIDS.ZS,9.7,10.5,11.2,11.8,12.3,12.6,12.9,13,13.2,13.3,13.3,13.3,13.3,13.2,13,12.9,12.7,12.5
Mauritania,MRT,"Prevalence of HIV, total (% of population ages 15-49)",SH.DYN.AIDS.ZS,0.9,0.9,0.9,0.9,0.9,0.9,0.8,0.8,0.7,0.7,0.6,0.6,0.5,0.5,0.5,0.4,0.4,0.3
Mauritius,MUS,"Prevalence of HIV, total (% of population ages 15-49)",SH.DYN.AIDS.ZS,,,,,,,,,,,,,,,,,,
Malawi,MWI,"Prevalence of HIV, total (% of population ages 15-49)",SH.DYN.AIDS.ZS,14.7,14.3,13.9,13.3,12.8,12.2,11.8,11.4,11.1,11,10.9,10.7,10.6,10.5,10.3,10.1,9.9,9.6
Malaysia,MYS,"Prevalence of HIV, total (% of population ages 15-49)",SH.DYN.AIDS.ZS,0.5,0.5,0.5,0.5,0.5,0.5,0.5,0.5,0.5,0.5,0.5,0.5,0.4,0.4,0.4,0.4,0.4,0.4
Namibia,NAM,"Prevalence of HIV, total (% of population ages 15-49)",SH.DYN.AIDS.ZS,14.3,14.6,14.6,14.5,14.2,13.8,13.5,13.3,13.2,13.1,13,12.9,12.8,12.8,12.6,12.5,12.3,12.1
New Caledonia,NCL,"Prevalence of HIV, total (% of population ages 15-49)",SH.DYN.AIDS.ZS,,,,,,,,,,,,,,,,,,
Niger,NER,"Prevalence of HIV, total (% of population ages 15-49)",SH.DYN.AIDS.ZS,0.7,0.7,0.7,0.7,0.7,0.6,0.6,0.6,0.5,0.5,0.5,0.4,0.4,0.4,0.4,0.4,0.3,0.3
Nigeria,NGA,"Prevalence of HIV, total (% of population ages 15-49)",SH.DYN.AIDS.ZS,3.6,3.6,3.7,3.7,3.6,3.6,3.5,3.4,3.4,3.3,3.2,3.1,3,3,2.9,2.9,2.8,2.8
Nicaragua,NIC,"Prevalence of HIV, total (% of population ages 15-49)",SH.DYN.AIDS.ZS,0.3,0.3,0.3,0.3,0.3,0.3,0.3,0.3,0.3,0.3,0.3,0.3,0.3,0.2,0.2,0.2,0.2,0.2
Netherlands,NLD,"Prevalence of HIV, total (% of population ages 15-49)",SH.DYN.AIDS.ZS,0.1,0.1,0.1,0.1,0.2,0.2,0.2,0.2,0.2,0.2,0.2,0.2,0.2,0.2,0.2,0.2,0.2,0.2
Norway,NOR,"Prevalence of HIV, total (% of population ages 15-49)",SH.DYN.AIDS.ZS,0.1,0.1,0.1,0.1,0.1,0.1,0.1,0.1,0.1,0.1,0.1,0.1,0.1,0.1,0.1,0.1,0.1,0.1
Nepal,NPL,"Prevalence of HIV, total (% of population ages 15-49)",SH.DYN.AIDS.ZS,0.1,0.2,0.2,0.2,0.2,0.2,0.2,0.2,0.2,0.2,0.2,0.2,0.2,0.2,0.2,0.2,0.2,0.2
Nauru,NRU,"Prevalence of HIV, total (% of population ages 15-49)",SH.DYN.AIDS.ZS,,,,,,,,,,,,,,,,,,
New Zealand,NZL,"Prevalence of HIV, total (% of population ages 15-49)",SH.DYN.AIDS.ZS,0.1,0.1,0.1,0.1,0.1,0.1,0.1,0.1,0.1,0.1,0.1,0.1,0.1,0.1,0.1,0.1,0.1,0.1
Oman,OMN,"Prevalence of HIV, total (% of population ages 15-49)",SH.DYN.AIDS.ZS,,,,,,,,,,,,,,,,,,
Pakistan,PAK,"Prevalence of HIV, total (% of population ages 15-49)",SH.DYN.AIDS.ZS,0.1,0.1,0.1,0.1,0.1,0.1,0.1,0.1,0.1,0.1,0.1,0.1,0.1,0.1,0.1,0.1,0.1,0.1
Panama,PAN,"Prevalence of HIV, total (% of population ages 15-49)",SH.DYN.AIDS.ZS,0.6,0.6,0.6,0.7,0.7,0.7,0.8,0.8,0.8,0.8,0.8,0.9,0.9,0.9,0.9,0.9,1,1
Peru,PER,"Prevalence of HIV, total (% of population ages 15-49)",SH.DYN.AIDS.ZS,0.5,0.5,0.5,0.5,0.5,0.4,0.4,0.4,0.4,0.4,0.4,0.4,0.4,0.4,0.4,0.3,0.3,0.3
Philippines,PHL,"Prevalence of HIV, total (% of population ages 15-49)",SH.DYN.AIDS.ZS,0.1,0.1,0.1,0.1,0.1,0.1,0.1,0.1,0.1,0.1,0.1,0.1,0.1,0.1,0.1,0.1,0.1,0.1
Palau,PLW,"Prevalence of HIV, total (% of population ages 15-49)",SH.DYN.AIDS.ZS,,,,,,,,,,,,,,,,,,
Papua New Guinea,PNG,"Prevalence of HIV, total (% of population ages 15-49)",SH.DYN.AIDS.ZS,0.7,0.8,0.8,0.9,0.9,0.9,0.9,0.9,0.9,0.9,0.9,0.9,0.9,0.9,0.9,0.9,0.9,0.9
Poland,POL,"Prevalence of HIV, total (% of population ages 15-49)",SH.DYN.AIDS.ZS,,,,,,,,,,,,,,,,,,
Puerto Rico,PRI,"Prevalence of HIV, total (% of population ages 15-49)",SH.DYN.AIDS.ZS,,,,,,,,,,,,,,,,,,
"Korea, Dem. People’s Rep.",PRK,"Prevalence of HIV, total (% of population ages 15-49)",SH.DYN.AIDS.ZS,,,,,,,,,,,,,,,,,,
Portugal,PRT,"Prevalence of HIV, total (% of population ages 15-49)",SH.DYN.AIDS.ZS,0.5,0.5,0.6,0.6,0.6,0.6,0.6,0.6,0.6,0.6,0.6,0.6,0.6,0.6,0.6,0.6,0.6,0.6
Paraguay,PRY,"Prevalence of HIV, total (% of population ages 15-49)",SH.DYN.AIDS.ZS,0.3,0.3,0.3,0.3,0.4,0.4,0.4,0.4,0.4,0.4,0.4,0.4,0.5,0.5,0.5,0.5,0.5,0.5
West Bank and Gaza,PSE,"Prevalence of HIV, total (% of population ages 15-49)",SH.DYN.AIDS.ZS,,,,,,,,,,,,,,,,,,
Qatar,QAT,"Prevalence of HIV, total (% of population ages 15-49)",SH.DYN.AIDS.ZS,0.1,0.1,0.1,0.1,0.1,0.1,0.1,0.1,0.1,0.1,0.1,0.1,0.1,0.1,0.1,0.1,0.1,0.1
Romania,ROU,"Prevalence of HIV, total (% of population ages 15-49)",SH.DYN.AIDS.ZS,0.1,0.1,0.1,0.1,0.1,0.1,0.1,0.1,0.1,0.1,0.1,0.1,0.1,0.1,0.1,0.1,0.1,0.1
Russian Federation,RUS,"Prevalence of HIV, total (% of population ages 15-49)",SH.DYN.AIDS.ZS,0.1,0.1,0.2,0.2,0.3,0.3,0.4,0.4,0.5,0.5,0.6,0.7,0.7,0.8,0.9,1,1.1,1.2
Rwanda,RWA,"Prevalence of HIV, total (% of population ages 15-49)",SH.DYN.AIDS.ZS,5,4.7,4.4,4.1,3.8,3.6,3.4,3.3,3.3,3.2,3.2,3.1,3,3,2.9,2.8,2.8,2.7
Saudi Arabia,SAU,"Prevalence of HIV, total (% of population ages 15-49)",SH.DYN.AIDS.ZS,,,,,,,,,,,,,,,,,,
Sudan,SDN,"Prevalence of HIV, total (% of population ages 15-49)",SH.DYN.AIDS.ZS,0.1,0.1,0.1,0.2,0.2,0.2,0.2,0.2,0.2,0.2,0.2,0.2,0.2,0.2,0.2,0.2,0.2,0.2
Senegal,SEN,"Prevalence of HIV, total (% of population ages 15-49)",SH.DYN.AIDS.ZS,0.7,0.7,0.7,0.7,0.7,0.7,0.7,0.7,0.7,0.7,0.6,0.6,0.6,0.5,0.5,0.5,0.4,0.4
Singapore,SGP,"Prevalence of HIV, total (% of population ages 15-49)",SH.DYN.AIDS.ZS,0.1,0.2,0.2,0.2,0.2,0.2,0.2,0.2,0.2,0.2,0.2,0.2,0.2,0.2,0.2,0.2,0.2,0.2
Solomon Islands,SLB,"Prevalence of HIV, total (% of population ages 15-49)",SH.DYN.AIDS.ZS,,,,,,,,,,,,,,,,,,
Sierra Leone,SLE,"Prevalence of HIV, total (% of population ages 15-49)",SH.DYN.AIDS.ZS,1,1.1,1.2,1.3,1.5,1.5,1.6,1.6,1.6,1.6,1.6,1.6,1.6,1.5,1.5,1.4,1.4,1.4
El Salvador,SLV,"Prevalence of HIV, total (% of population ages 15-49)",SH.DYN.AIDS.ZS,0.4,0.4,0.4,0.5,0.5,0.5,0.5,0.5,0.6,0.6,0.6,0.6,0.6,0.6,0.6,0.6,0.6,0.6
San Marino,SMR,"Prevalence of HIV, total (% of population ages 15-49)",SH.DYN.AIDS.ZS,,,,,,,,,,,,,,,,,,
Somalia,SOM,"Prevalence of HIV, total (% of population ages 15-49)",SH.DYN.AIDS.ZS,0.4,0.4,0.4,0.4,0.4,0.4,0.4,0.3,0.3,0.3,0.2,0.2,0.2,0.2,0.2,0.1,0.1,0.1
Serbia,SRB,"Prevalence of HIV, total (% of population ages 15-49)",SH.DYN.AIDS.ZS,0.1,0.1,0.1,0.1,0.1,0.1,0.1,0.1,0.1,0.1,0.1,0.1,0.1,0.1,0.1,0.1,0.1,0.1
South Sudan,SSD,"Prevalence of HIV, total (% of population ages 15-49)",SH.DYN.AIDS.ZS,2.2,2.4,2.6,2.8,2.9,2.9,2.9,2.9,2.9,2.9,2.8,2.8,2.7,2.7,2.6,2.5,2.5,2.4
Sao Tome and Principe,STP,"Prevalence of HIV, total (% of population ages 15-49)",SH.DYN.AIDS.ZS,,,,,,,,,,,,,,,,,,
Suriname,SUR,"Prevalence of HIV, total (% of population ages 15-49)",SH.DYN.AIDS.ZS,1.1,1.2,1.3,1.3,1.3,1.3,1.3,1.2,1.2,1.2,1.2,1.2,1.2,1.2,1.3,1.3,1.3,1.3
Slovak Republic,SVK,"Prevalence of HIV, total (% of population ages 15-49)",SH.DYN.AIDS.ZS,0.1,0.1,0.1,0.1,0.1,0.1,0.1,0.1,0.1,0.1,0.1,0.1,0.1,0.1,0.1,0.1,0.1,0.1
Slovenia,SVN,"Prevalence of HIV, total (% of population ages 15-49)",SH.DYN.AIDS.ZS,0.1,0.1,0.1,0.1,0.1,0.1,0.1,0.1,0.1,0.1,0.1,0.1,0.1,0.1,0.1,0.1,0.1,0.1
Sweden,SWE,"Prevalence of HIV, total (% of population ages 15-49)",SH.DYN.AIDS.ZS,,,,,,,,,,,,,,,,,,
Sint Maarten (Dutch part),SXM,"Prevalence of HIV, total (% of population ages 15-49)",SH.DYN.AIDS.ZS,,,,,,,,,,,,,,,,,,
Seychelles,SYC,"Prevalence of HIV, total (% of population ages 15-49)",SH.DYN.AIDS.ZS,,,,,,,,,,,,,,,,,,
Syrian Arab Republic,SYR,"Prevalence of HIV, total (% of population ages 15-49)",SH.DYN.AIDS.ZS,,,,,,,,,,,,,,,,,,
Turks and Caicos Islands,TCA,"Prevalence of HIV, total (% of population ages 15-49)",SH.DYN.AIDS.ZS,,,,,,,,,,,,,,,,,,
Chad,TCD,"Prevalence of HIV, total (% of population ages 15-49)",SH.DYN.AIDS.ZS,2.2,2.2,2.1,2.1,2,1.9,1.8,1.8,1.7,1.6,1.6,1.6,1.5,1.5,1.4,1.4,1.3,1.3
Togo,TGO,"Prevalence of HIV, total (% of population ages 15-49)",SH.DYN.AIDS.ZS,3.4,3.5,3.6,3.7,3.6,3.6,3.5,3.4,3.3,3.1,3,2.8,2.7,2.6,2.5,2.3,2.2,2.1
Thailand,THA,"Prevalence of HIV, total (% of population ages 15-49)",SH.DYN.AIDS.ZS,1.9,1.8,1.7,1.7,1.6,1.5,1.5,1.5,1.4,1.4,1.4,1.3,1.3,1.3,1.2,1.2,1.1,1.1
Tajikistan,TJK,"Prevalence of HIV, total (% of population ages 15-49)",SH.DYN.AIDS.ZS,0.1,0.1,0.1,0.1,0.1,0.1,0.2,0.2,0.2,0.2,0.2,0.2,0.2,0.2,0.2,0.2,0.3,0.3
Turkmenistan,TKM,"Prevalence of HIV, total (% of population ages 15-49)",SH.DYN.AIDS.ZS,,,,,,,,,,,,,,,,,,
Timor-Leste,TLS,"Prevalence of HIV, total (% of population ages 15-49)",SH.DYN.AIDS.ZS,,,,,,,,,,,,,,,,,,
Tonga,TON,"Prevalence of HIV, total (% of population ages 15-49)",SH.DYN.AIDS.ZS,,,,,,,,,,,,,,,,,,
Trinidad and Tobago,TTO,"Prevalence of HIV, total (% of population ages 15-49)",SH.DYN.AIDS.ZS,1,1,1,1.1,1.1,1.1,1.2,1.2,1.2,1.2,1.2,1.2,1.2,1.2,1.2,1.2,1.2,1.1
Tunisia,TUN,"Prevalence of HIV, total (% of population ages 15-49)",SH.DYN.AIDS.ZS,0.1,0.1,0.1,0.1,0.1,0.1,0.1,0.1,0.1,0.1,0.1,0.1,0.1,0.1,0.1,0.1,0.1,0.1
Turkey,TUR,"Prevalence of HIV, total (% of population ages 15-49)",SH.DYN.AIDS.ZS,,,,,,,,,,,,,,,,,,
Tuvalu,TUV,"Prevalence of HIV, total (% of population ages 15-49)",SH.DYN.AIDS.ZS,,,,,,,,,,,,,,,,,,
Tanzania,TZA,"Prevalence of HIV, total (% of population ages 15-49)",SH.DYN.AIDS.ZS,8.1,7.8,7.5,7.1,6.8,6.4,6.1,5.9,5.7,5.5,5.4,5.2,5.1,4.9,4.8,4.7,4.6,4.5
Uganda,UGA,"Prevalence of HIV, total (% of population ages 15-49)",SH.DYN.AIDS.ZS,7,6.8,6.5,6.4,6.4,6.4,6.5,6.5,6.6,6.7,6.7,6.7,6.7,6.6,6.5,6.3,6.1,5.9
Ukraine,UKR,"Prevalence of HIV, total (% of population ages 15-49)",SH.DYN.AIDS.ZS,0.8,0.8,0.9,0.9,1,1,1,1,1,1,0.9,0.9,0.9,0.9,0.9,0.9,0.9,0.9
Uruguay,URY,"Prevalence of HIV, total (% of population ages 15-49)",SH.DYN.AIDS.ZS,0.4,0.5,0.5,0.5,0.5,0.5,0.5,0.5,0.5,0.5,0.5,0.5,0.5,0.6,0.6,0.6,0.6,0.6
United States,USA,"Prevalence of HIV, total (% of population ages 15-49)",SH.DYN.AIDS.ZS,,,,,,,,,,,,,,,,,,
Uzbekistan,UZB,"Prevalence of HIV, total (% of population ages 15-49)",SH.DYN.AIDS.ZS,0.1,0.1,0.2,0.2,0.2,0.2,0.2,0.2,0.2,0.2,0.2,0.2,0.2,0.2,0.2,0.2,0.2,0.3
"Venezuela, RB",VEN,"Prevalence of HIV, total (% of population ages 15-49)",SH.DYN.AIDS.ZS,,,,,,,,,,,,,,,,,,
Virgin Islands (U.S.),VIR,"Prevalence of HIV, total (% of population ages 15-49)",SH.DYN.AIDS.ZS,,,,,,,,,,,,,,,,,,
Vietnam,VNM,"Prevalence of HIV, total (% of population ages 15-49)",SH.DYN.AIDS.ZS,0.2,0.3,0.3,0.3,0.3,0.4,0.4,0.4,0.4,0.4,0.4,0.4,0.4,0.4,0.4,0.4,0.4,0.3
Vanuatu,VUT,"Prevalence of HIV, total (% of population ages 15-49)",SH.DYN.AIDS.ZS,,,,,,,,,,,,,,,,,,
Samoa,WSM,"Prevalence of HIV, total (% of population ages 15-49)",SH.DYN.AIDS.ZS,,,,,,,,,,,,,,,,,,
Kosovo,XKX,"Prevalence of HIV, total (% of population ages 15-49)",SH.DYN.AIDS.ZS,,,,,,,,,,,,,,,,,,
"Yemen, Rep.",YEM,"Prevalence of HIV, total (% of population ages 15-49)",SH.DYN.AIDS.ZS,,,,,,,,,,,,,,,,,,
South Africa,ZAF,"Prevalence of HIV, total (% of population ages 15-49)",SH.DYN.AIDS.ZS,13.4,14.3,15.1,15.7,16.2,16.7,17,17.3,17.6,17.9,18.1,18.2,18.4,18.6,18.7,18.8,18.9,18.8
Zambia,ZMB,"Prevalence of HIV, total (% of population ages 15-49)",SH.DYN.AIDS.ZS,15.5,15,14.5,14,13.5,13.1,12.7,12.5,12.4,12.3,12.3,12.3,12.3,12.2,12.1,12,11.8,11.5
Zimbabwe,ZWE,"Prevalence of HIV, total (% of population ages 15-49)",SH.DYN.AIDS.ZS,25.1,23.8,22.5,21.1,19.7,18.5,17.4,16.5,15.8,15.3,15,14.8,14.6,14.4,14.2,14,13.7,13.3
