﻿Country Name,Country Code,Indicator Name,Indicator Code,2000,2001,2002,2003,2004,2005,2006,2007,2008,2009,2010,2011,2012,2013,2014,2015,2016,2017
Aruba,ABW,"Hospital beds (per 1,000 people)",SH.MED.BEDS.ZS,,,,,,,,,,,,,,,,,,
Afghanistan,AFG,"Hospital beds (per 1,000 people)",SH.MED.BEDS.ZS,,0.400000006,,0.4,,,,0.42,0.42,0.4,0.4,,0.5,,,,,
Angola,AGO,"Hospital beds (per 1,000 people)",SH.MED.BEDS.ZS,,,,,,0.8,,,,,,,,,,,,
Albania,ALB,"Hospital beds (per 1,000 people)",SH.MED.BEDS.ZS,3.259999991,,,3.099999905,,3,2.9692,2.9,,2.8,,2.43,2.6,,,,,
Andorra,AND,"Hospital beds (per 1,000 people)",SH.MED.BEDS.ZS,3.200000048,2.589999914,,3.299999952,,2.7,2.6,2.6,,2.5,,,,,,,,
United Arab Emirates,ARE,"Hospital beds (per 1,000 people)",SH.MED.BEDS.ZS,,,2.2,,,1.88,,1.86,1.9,,,,1.1,,,,,
Argentina,ARG,"Hospital beds (per 1,000 people)",SH.MED.BEDS.ZS,4.1,,,,,4,,,,,4.5,4.5,4.7,,,,,
Armenia,ARM,"Hospital beds (per 1,000 people)",SH.MED.BEDS.ZS,5.46999979,4.25,,4.400000095,,4.5,4.4,4.1,,3.7,,3.95,3.9,,,,,
American Samoa,ASM,"Hospital beds (per 1,000 people)",SH.MED.BEDS.ZS,,,,,,,,,,,,,,,,,,
Antigua and Barbuda,ATG,"Hospital beds (per 1,000 people)",SH.MED.BEDS.ZS,,2.6,2.3,2.5,2.4,2.4,2.4,2,1.7,2.2,2.2,2.1,,,,,,
Australia,AUS,"Hospital beds (per 1,000 people)",SH.MED.BEDS.ZS,7.800000191,7.599999905,4,,3.9,4,3.97,,,3.8,3.9,,,,,,,
Austria,AUT,"Hospital beds (per 1,000 people)",SH.MED.BEDS.ZS,8.699999809,8.600000382,8.399999619,8.300000191,,7.7,7.6496,7.8,7.7,7.7,7.63,7.6,,,,,,
Azerbaijan,AZE,"Hospital beds (per 1,000 people)",SH.MED.BEDS.ZS,8.680000305,8.510000229,,8.300000191,,8.2,8.1,7.9,,7.5,,4.55,4.7,,,,,
Burundi,BDI,"Hospital beds (per 1,000 people)",SH.MED.BEDS.ZS,,,,,,,0.7,,,,,1.9,,,,,,
Belgium,BEL,"Hospital beds (per 1,000 people)",SH.MED.BEDS.ZS,7.099999905,6.900000095,6.900000095,,,5.3,5.3,5.3,,6.6,6.5,6.53,6.5,,,,,
Benin,BEN,"Hospital beds (per 1,000 people)",SH.MED.BEDS.ZS,,,,,,0.5,,,,,0.5,,,,,,,
Burkina Faso,BFA,"Hospital beds (per 1,000 people)",SH.MED.BEDS.ZS,,,,,,,0.9,,,,0.4,,,,,,,
Bangladesh,BGD,"Hospital beds (per 1,000 people)",SH.MED.BEDS.ZS,,0.3,0.34,,,0.3,,,,,,0.6,,,,,,
Bulgaria,BGR,"Hospital beds (per 1,000 people)",SH.MED.BEDS.ZS,7.409999847,7.199999809,,6.300000191,,6.4,6.2,6.4011,6.5,6.6,6.5,6.4,,,,,,
Bahrain,BHR,"Hospital beds (per 1,000 people)",SH.MED.BEDS.ZS,,,,2.799999952,,2.8,2.74,1.97,1.9,1.8,,,2.1,,,,,
"Bahamas, The",BHS,"Hospital beds (per 1,000 people)",SH.MED.BEDS.ZS,3.5,3.4,3.400000095,3.4,3.4,,3.2,3.2,3.1,3.1,3.1,2.9,,,,,,
Bosnia and Herzegovina,BIH,"Hospital beds (per 1,000 people)",SH.MED.BEDS.ZS,3.24000001,3.220000029,,3.099999905,,3,,,,3.4,3.5,,,,,,,
Belarus,BLR,"Hospital beds (per 1,000 people)",SH.MED.BEDS.ZS,12.60999966,12.57999992,,11.30000019,,11.1,11.2,11.2,,11.1,,11.3,,,,,,
Belize,BLZ,"Hospital beds (per 1,000 people)",SH.MED.BEDS.ZS,1.9,,,1.299999952,1.3,1.2,1.3,1.2,1.2,1.1,1.2,1.1,1.1,,,,,
Bermuda,BMU,"Hospital beds (per 1,000 people)",SH.MED.BEDS.ZS,,,,,,,,,,,,,,,,,,
Bolivia,BOL,"Hospital beds (per 1,000 people)",SH.MED.BEDS.ZS,,,,1,1,,1.1,1.1,1.1,1.1,,1.1,1.1,,,,,
Brazil,BRA,"Hospital beds (per 1,000 people)",SH.MED.BEDS.ZS,,,2.6,,,2.4,,,,2.4,2.4,2.3,2.3,,,,,
Barbados,BRB,"Hospital beds (per 1,000 people)",SH.MED.BEDS.ZS,,,,7.3,7.3,6.7,6.6,,7.6,6.8,6.6,,6.2,,,,,
Brunei Darussalam,BRN,"Hospital beds (per 1,000 people)",SH.MED.BEDS.ZS,2.599999905,,2.7,,2.6,3,2.79,,2.7,2.6,,2.79,2.8,,,,,
Bhutan,BTN,"Hospital beds (per 1,000 people)",SH.MED.BEDS.ZS,,1.6,1.6,,,,1.7,,,,,1.8,1.8,,,,,
Botswana,BWA,"Hospital beds (per 1,000 people)",SH.MED.BEDS.ZS,,,,2.2,,,,2.4,1.8,,1.8,,,,,,,
Central African Republic,CAF,"Hospital beds (per 1,000 people)",SH.MED.BEDS.ZS,,,,,,,1.2,,,,,1,,,,,,
Canada,CAN,"Hospital beds (per 1,000 people)",SH.MED.BEDS.ZS,3.4,3.700000048,3.700000048,3.6,,3.4,3.4,,3.4,3.2,2.7,,,,,,,
Switzerland,CHE,"Hospital beds (per 1,000 people)",SH.MED.BEDS.ZS,,,6,,5.7,5.5,,,5.3,5.2,4.97,5,,,,,,
Chile,CHL,"Hospital beds (per 1,000 people)",SH.MED.BEDS.ZS,,,2.599999905,,2.4,2.3,2.3,,,2.1,2.1,2.1,,,,,,
China,CHN,"Hospital beds (per 1,000 people)",SH.MED.BEDS.ZS,2.519999981,2.519999981,2.450000048,2.2,3,2.45,2.23,,,4.2,3.56,3.8,,,,,,
Cote d'Ivoire,CIV,"Hospital beds (per 1,000 people)",SH.MED.BEDS.ZS,,,,,,,0.4,,,,,,,,,,,
Cameroon,CMR,"Hospital beds (per 1,000 people)",SH.MED.BEDS.ZS,,,,,,,1.5,,,,1.3,,,,,,,
"Congo, Dem. Rep.",COD,"Hospital beds (per 1,000 people)",SH.MED.BEDS.ZS,,,,,,1.1,0.8,,,,,,,,,,,
"Congo, Rep.",COG,"Hospital beds (per 1,000 people)",SH.MED.BEDS.ZS,,,,,,1.6,,,,,,,,,,,,
Colombia,COL,"Hospital beds (per 1,000 people)",SH.MED.BEDS.ZS,,,,1.100000024,1.2,,1,1,,,,1.4,1.5,,,,,
Comoros,COM,"Hospital beds (per 1,000 people)",SH.MED.BEDS.ZS,,,,,,,2.2,,,,,,,,,,,
Cabo Verde,CPV,"Hospital beds (per 1,000 people)",SH.MED.BEDS.ZS,,,,,,2.1,,,2.1,,2.1,,,,,,,
Costa Rica,CRI,"Hospital beds (per 1,000 people)",SH.MED.BEDS.ZS,,,,1.399999976,1.4,,1.3,1.3,1.2,,1.2,1.2,1.2,,,,,
Cuba,CUB,"Hospital beds (per 1,000 people)",SH.MED.BEDS.ZS,,,,4.900000095,,4.9,4.9,4.9,6,5.9,5.9,5.1,5.3,,,,,
Cayman Islands,CYM,"Hospital beds (per 1,000 people)",SH.MED.BEDS.ZS,,,,,,,,,,,,,,,,,,
Cyprus,CYP,"Hospital beds (per 1,000 people)",SH.MED.BEDS.ZS,,,4.400000095,,,3.8,3.7,,3.8,,3.52,3.5,,,,,,
Czech Republic,CZE,"Hospital beds (per 1,000 people)",SH.MED.BEDS.ZS,8.800000191,8.800000191,8.800000191,8.800000191,,8.4,8.4,8.1,7.2,7.1,7.01,6.8,,,,,,
Germany,DEU,"Hospital beds (per 1,000 people)",SH.MED.BEDS.ZS,9.100000382,9,8.899999619,,,8.4,8.3,,8.2,8.2,8.25,8.2,,,,,,
Djibouti,DJI,"Hospital beds (per 1,000 people)",SH.MED.BEDS.ZS,1.6,,,,,,,,,,1.4,,1.4,,,,,
Dominica,DMA,"Hospital beds (per 1,000 people)",SH.MED.BEDS.ZS,3.8,3.5,3.900000095,3.9,3.9,3.9,,4,3.8,3.8,3.8,3.8,3.8,,,,,
Denmark,DNK,"Hospital beds (per 1,000 people)",SH.MED.BEDS.ZS,4.300000191,4.199999809,4.099999905,4,3.8225,,,3.5,3.6,3.5,3.5,,,,,,,
Dominican Republic,DOM,"Hospital beds (per 1,000 people)",SH.MED.BEDS.ZS,,,,2.099999905,,2,,1,1,1,1.6,1.7,,,,,,
Algeria,DZA,"Hospital beds (per 1,000 people)",SH.MED.BEDS.ZS,,,,,1.7,,,,,,,,,,,,,
Ecuador,ECU,"Hospital beds (per 1,000 people)",SH.MED.BEDS.ZS,,,1.5,1.7,,,,,1.5,1.5,1.6,1.6,,,,,,
"Egypt, Arab Rep.",EGY,"Hospital beds (per 1,000 people)",SH.MED.BEDS.ZS,,,,2.200000048,,2.2,2.102,2.08,,1.7,1.7,,0.5,,,,,
Eritrea,ERI,"Hospital beds (per 1,000 people)",SH.MED.BEDS.ZS,,,,,,,1.2,,,,,0.7,,,,,,
Spain,ESP,"Hospital beds (per 1,000 people)",SH.MED.BEDS.ZS,4.099999905,3.900000095,3.900000095,3.5,,3.4,3.4,,3.2,3.2,3.16,3.1,,,,,,
Estonia,EST,"Hospital beds (per 1,000 people)",SH.MED.BEDS.ZS,7.179999828,6.71999979,6,,5.8,,5.6,5.6,5.7,5.4,5.33,5.3,,,,,,
Ethiopia,ETH,"Hospital beds (per 1,000 people)",SH.MED.BEDS.ZS,,,,,0.2,,0.2,,0.2,,,6.3,,,,,,
Fragile and conflict affected situations,FCS,"Hospital beds (per 1,000 people)",SH.MED.BEDS.ZS,,,,,,,,,,,,,,,,,,
Finland,FIN,"Hospital beds (per 1,000 people)",SH.MED.BEDS.ZS,7.5,,,7.199999809,,7,7,6.8,6.5,6.2,5.85,5.5,,,,,,
Fiji,FJI,"Hospital beds (per 1,000 people)",SH.MED.BEDS.ZS,,,,,2.1,2.09,,,2.1,2.1,,,,,,,,
France,FRA,"Hospital beds (per 1,000 people)",SH.MED.BEDS.ZS,8.100000382,8,7.900000095,7.699999809,7.5,7.2754,7.2,,7.1,6.9,6.64,6.4,,,,,,
Faroe Islands,FRO,"Hospital beds (per 1,000 people)",SH.MED.BEDS.ZS,,,,,,,,,,,,,,,,,,
"Micronesia, Fed. Sts.",FSM,"Hospital beds (per 1,000 people)",SH.MED.BEDS.ZS,2.8,,,,,3.3,3.31,,,3.2,,,,,,,,
Gabon,GAB,"Hospital beds (per 1,000 people)",SH.MED.BEDS.ZS,,,,,,,2,,1.3,,6.3,,,,,,,
United Kingdom,GBR,"Hospital beds (per 1,000 people)",SH.MED.BEDS.ZS,4.199999809,4.199999809,4.199999809,4.199999809,3.9,,,,3.4,3.3,2.98,2.9,,,,,,
Georgia,GEO,"Hospital beds (per 1,000 people)",SH.MED.BEDS.ZS,4.769999981,4.300000191,,4.199999809,,3.8,3.7,3.3,,3.1,,2.91,2.6,,,,,
Ghana,GHA,"Hospital beds (per 1,000 people)",SH.MED.BEDS.ZS,,,,,,0.9,,,,0.9,,0.9,,,,,,
Gibraltar,GIB,"Hospital beds (per 1,000 people)",SH.MED.BEDS.ZS,,,,,,,,,,,,,,,,,,
Guinea,GIN,"Hospital beds (per 1,000 people)",SH.MED.BEDS.ZS,,,,,,0.3,,,,,,0.3,,,,,,
"Gambia, The",GMB,"Hospital beds (per 1,000 people)",SH.MED.BEDS.ZS,,,,,,0.8,,,,1.1,,1.1,,,,,,
Guinea-Bissau,GNB,"Hospital beds (per 1,000 people)",SH.MED.BEDS.ZS,,,,,,,,0.7,,1,,,,,,,,
Equatorial Guinea,GNQ,"Hospital beds (per 1,000 people)",SH.MED.BEDS.ZS,,1.1,,,,2.2,,,,1.9,2.1,,,,,,,
Greece,GRC,"Hospital beds (per 1,000 people)",SH.MED.BEDS.ZS,4.699999809,,,,4.7,4.7,4.8,,4.8,4.8,,,,,,,,
Grenada,GRD,"Hospital beds (per 1,000 people)",SH.MED.BEDS.ZS,6.2,,6.9,5.699999809,,4.1,,2.6,2.6,2.4,,3.5,3.5,,,,,
Greenland,GRL,"Hospital beds (per 1,000 people)",SH.MED.BEDS.ZS,,,,,,,,,,,,,,,,,,
Guatemala,GTM,"Hospital beds (per 1,000 people)",SH.MED.BEDS.ZS,,,0.5,,,0.7,,0.7,0.6,0.6,0.6,0.6,,,,,,
Guam,GUM,"Hospital beds (per 1,000 people)",SH.MED.BEDS.ZS,,,,,,,,,,,,,,,,,,
Guyana,GUY,"Hospital beds (per 1,000 people)",SH.MED.BEDS.ZS,,2.9,,,,2.8,2.5,1.9,,2,,,,,,,,
"Hong Kong SAR, China",HKG,"Hospital beds (per 1,000 people)",SH.MED.BEDS.ZS,,,,,,,,,,,,,,,,,,
Honduras,HND,"Hospital beds (per 1,000 people)",SH.MED.BEDS.ZS,,,1,,,,,,0.7,0.8,0.8,0.7,0.7,,,,,
Croatia,HRV,"Hospital beds (per 1,000 people)",SH.MED.BEDS.ZS,6.150000095,6,5.7,5.599999905,5.5,5.5,5.5,5.5,,5.4,5.62,5.98,5.89,5.86,5.89,,,
Haiti,HTI,"Hospital beds (per 1,000 people)",SH.MED.BEDS.ZS,0.8,,,,,,,1.3,,,,,,,,,,
Hungary,HUN,"Hospital beds (per 1,000 people)",SH.MED.BEDS.ZS,8.100000382,7.900000095,7.900000095,7.800000191,,7.9,7.9,7.1,7,7.1,7.18,7.2,,,,,,
Indonesia,IDN,"Hospital beds (per 1,000 people)",SH.MED.BEDS.ZS,,,0.6,,,,,,,,0.6,,0.9,,,,,
India,IND,"Hospital beds (per 1,000 people)",SH.MED.BEDS.ZS,,,0.69,0.899999976,,0.9,,,,,,0.7,,,,,,
Ireland,IRL,"Hospital beds (per 1,000 people)",SH.MED.BEDS.ZS,4.599999905,4.5,4.400000095,4.300000191,5.7,5.6,5.3,5.2,4.9,,3.15,2.9,,,,,,
"Iran, Islamic Rep.",IRN,"Hospital beds (per 1,000 people)",SH.MED.BEDS.ZS,,1.600000024,,,,1.72,1.4,,,1.7,,,0.1,,,,,
Iraq,IRQ,"Hospital beds (per 1,000 people)",SH.MED.BEDS.ZS,,,,1.299999952,,1.3,,1.33,1.26,1.3,1.3,,1.3,,,,,
Iceland,ISL,"Hospital beds (per 1,000 people)",SH.MED.BEDS.ZS,,,7.5,,,,5.3391,5.8,,,,,3.2,,,,,
Israel,ISR,"Hospital beds (per 1,000 people)",SH.MED.BEDS.ZS,6.139999867,6.159999847,,6.099999905,,6.3,6,5.8,,,3.5,3.37,3.3,,,,,
Italy,ITA,"Hospital beds (per 1,000 people)",SH.MED.BEDS.ZS,4.699999809,4.599999905,4.400000095,,4,4,3.9,,3.7,3.6,3.53,3.4,,,,,,
Jamaica,JAM,"Hospital beds (per 1,000 people)",SH.MED.BEDS.ZS,,1.5,1.5,1.399999976,1.8,1.7,2,1.7,,1.7,1.9,,1.7,,,,,
Jordan,JOR,"Hospital beds (per 1,000 people)",SH.MED.BEDS.ZS,,,,1.700000048,,1.7,1.9,1.8,,1.8,1.8,,1.8,,,,,
Japan,JPN,"Hospital beds (per 1,000 people)",SH.MED.BEDS.ZS,14.69999981,12.9,14.39999962,14.30000019,13.9,14.1,13.98,,13.8,13.7,,,,,,,,
Kazakhstan,KAZ,"Hospital beds (per 1,000 people)",SH.MED.BEDS.ZS,7.190000057,6.96999979,7.019999981,7.699999809,7.7,7.7,7.8,7.7,7.7,7.6,,,7.2,,,,,
Kenya,KEN,"Hospital beds (per 1,000 people)",SH.MED.BEDS.ZS,,,1.9,,1.4,,1.4,,,,1.4,,,,,,,
Kyrgyz Republic,KGZ,"Hospital beds (per 1,000 people)",SH.MED.BEDS.ZS,7.400000095,6.199999809,5.5,5.300000191,5.3,5.1,5.1,5.1,,,,4.79,4.8,,,,,
Cambodia,KHM,"Hospital beds (per 1,000 people)",SH.MED.BEDS.ZS,,0.6,,,0.1,,,,,,0.84,0.7,,,,,,
Kiribati,KIR,"Hospital beds (per 1,000 people)",SH.MED.BEDS.ZS,,,,,1.5,1.51,,,,1.5,1.4,1.3,,,,,,
"Korea, Rep.",KOR,"Hospital beds (per 1,000 people)",SH.MED.BEDS.ZS,6.099999905,6.099999905,6.6,7.099999905,8.6,,8.64,,12.3,10.3,,,,,,,,
Kuwait,KWT,"Hospital beds (per 1,000 people)",SH.MED.BEDS.ZS,,,2.200000048,,,1.9,1.9,,1.8,2,,,2.2,,,,,
Lao PDR,LAO,"Hospital beds (per 1,000 people)",SH.MED.BEDS.ZS,,,0.9,,,1.2,,,,,0.7,,1.5,,,,,
Lebanon,LBN,"Hospital beds (per 1,000 people)",SH.MED.BEDS.ZS,,3,,,,3.6,,3.43,,3.5,,,3.5,,,,,
Liberia,LBR,"Hospital beds (per 1,000 people)",SH.MED.BEDS.ZS,,,,,,,,,,0.7,0.8,,,,,,,
Libya,LBY,"Hospital beds (per 1,000 people)",SH.MED.BEDS.ZS,,,3.900000095,,3.4,,3.7,,3.7,3.7,,,3.7,,,,,
Liechtenstein,LIE,"Hospital beds (per 1,000 people)",SH.MED.BEDS.ZS,,,,,,,,,,,,,,,,,,
Sri Lanka,LKA,"Hospital beds (per 1,000 people)",SH.MED.BEDS.ZS,2.9,3,3.1,,3.1,,,,,,,,3.6,,,,,
Lesotho,LSO,"Hospital beds (per 1,000 people)",SH.MED.BEDS.ZS,,,,,,,1.3,,,,,,,,,,,
Lithuania,LTU,"Hospital beds (per 1,000 people)",SH.MED.BEDS.ZS,9.760000229,9.220000267,,8.699999809,,8.1,8,8.1,6.8,6.8,6.75,7,,,,,,
Luxembourg,LUX,"Hospital beds (per 1,000 people)",SH.MED.BEDS.ZS,6.199999809,6.099999905,6,6,6.3,,,,5.6,5.6,5.4,,,,,,,
Latvia,LVA,"Hospital beds (per 1,000 people)",SH.MED.BEDS.ZS,8.729999542,8.199999809,,7.800000191,,7.7,7.6,7.6,,6.4,5.32,5.9,,,,,,
"Macao SAR, China",MAC,"Hospital beds (per 1,000 people)",SH.MED.BEDS.ZS,,,,,,,,,,,,,,,,,,
Morocco,MAR,"Hospital beds (per 1,000 people)",SH.MED.BEDS.ZS,,,0.800000012,,0.9,,0.87,1.1,,1.1,,,0.9,,,,,
Monaco,MCO,"Hospital beds (per 1,000 people)",SH.MED.BEDS.ZS,,,,,,,,,,,,16.46,13.8,,,,,
Moldova,MDA,"Hospital beds (per 1,000 people)",SH.MED.BEDS.ZS,7.590000153,5.889999867,,6.699999809,,6.4,6.3,6.1,,6.2,,6.19,6.2,,,,,
Madagascar,MDG,"Hospital beds (per 1,000 people)",SH.MED.BEDS.ZS,,,0.419999987,,,0.3,,,,,0.2,,,,,,,
Maldives,MDV,"Hospital beds (per 1,000 people)",SH.MED.BEDS.ZS,1.700000048,,2.26,2.3,,2.6,,,,4.3,,,,,,,,
Mexico,MEX,"Hospital beds (per 1,000 people)",SH.MED.BEDS.ZS,1.100000024,1.100000024,1.100000024,1,1,,1.6,1.7,1.6,1.6,1.7,1.5,,,,,,
Marshall Islands,MHL,"Hospital beds (per 1,000 people)",SH.MED.BEDS.ZS,,,,,,,,,,2.7,2.7,,,,,,,
Mali,MLI,"Hospital beds (per 1,000 people)",SH.MED.BEDS.ZS,,,,,,0.3,,,0.6,,0.1,,,,,,,
Malta,MLT,"Hospital beds (per 1,000 people)",SH.MED.BEDS.ZS,5.480000019,4.960000038,,4.800000191,,7.5,7.6129,7.8,,4.9,4.5,4.44,4.8,,,,,
Myanmar,MMR,"Hospital beds (per 1,000 people)",SH.MED.BEDS.ZS,0.7,,0.63,,,,0.6,,,,,,,,,,,
Montenegro,MNE,"Hospital beds (per 1,000 people)",SH.MED.BEDS.ZS,,,,,,4.2,4.1,4,,3.9,4,4,,,,,,
Mongolia,MNG,"Hospital beds (per 1,000 people)",SH.MED.BEDS.ZS,,,7.5,,6,,6.4,6.11,,5.9,5.8,6.75,6.8,,,,,
Northern Mariana Islands,MNP,"Hospital beds (per 1,000 people)",SH.MED.BEDS.ZS,,,,,,,,,,,,,,,,,,
Mozambique,MOZ,"Hospital beds (per 1,000 people)",SH.MED.BEDS.ZS,,,,,,,0.8,0.8,,,,0.7,,,,,,
Mauritania,MRT,"Hospital beds (per 1,000 people)",SH.MED.BEDS.ZS,,,,,,,0.4,,,,,,,,,,,
Mauritius,MUS,"Hospital beds (per 1,000 people)",SH.MED.BEDS.ZS,,,,,,3,,,3.3,,,3.4,,,,,,
Malawi,MWI,"Hospital beds (per 1,000 people)",SH.MED.BEDS.ZS,,,,,,,,1.1,,,,1.3,,,,,,
Malaysia,MYS,"Hospital beds (per 1,000 people)",SH.MED.BEDS.ZS,,1.8,,,,1.8,1.9,1.76,,1.8,1.8,1.79,1.9,,,,,
Namibia,NAM,"Hospital beds (per 1,000 people)",SH.MED.BEDS.ZS,,,,,,,3.3,,,2.7,,,,,,,,
New Caledonia,NCL,"Hospital beds (per 1,000 people)",SH.MED.BEDS.ZS,,,,,,,,,,,,,,,,,,
Niger,NER,"Hospital beds (per 1,000 people)",SH.MED.BEDS.ZS,,,,,,0.3,,,,,,,,,,,,
Nigeria,NGA,"Hospital beds (per 1,000 people)",SH.MED.BEDS.ZS,1.2,,,,0.5,,,,,,,,,,,,,
Nicaragua,NIC,"Hospital beds (per 1,000 people)",SH.MED.BEDS.ZS,,,,0.899999976,0.9,0.9,1,0.9,0.9,,0.8,1.1,0.9,,,,,
Netherlands,NLD,"Hospital beds (per 1,000 people)",SH.MED.BEDS.ZS,4.800000191,4.699999809,,5,,,,4.8,4.3,4.7,,,,,,,,
Norway,NOR,"Hospital beds (per 1,000 people)",SH.MED.BEDS.ZS,3.799999952,,,,,4.2,4.1,3.9,3.5,3.3,3.3,3.3,,,,,,
Nepal,NPL,"Hospital beds (per 1,000 people)",SH.MED.BEDS.ZS,,0.2,0.15,,,,5,,,,,,,,,,,
Nauru,NRU,"Hospital beds (per 1,000 people)",SH.MED.BEDS.ZS,,,,,3.5,,,3.5,,,5,,,,,,,
New Zealand,NZL,"Hospital beds (per 1,000 people)",SH.MED.BEDS.ZS,,,6.2,,,,,,,,,2.3,,,,,,
Oman,OMN,"Hospital beds (per 1,000 people)",SH.MED.BEDS.ZS,,,2,,,2.1,2.1,2.02,1.9,1.8,,,1.7,,,,,
Pakistan,PAK,"Hospital beds (per 1,000 people)",SH.MED.BEDS.ZS,,,,0.7,,1.2,,1,0.6,0.6,0.6,,0.6,,,,,
Panama,PAN,"Hospital beds (per 1,000 people)",SH.MED.BEDS.ZS,,,2.5,,2.4,2.2,,2.2,,2.2,2.4,2.2,,,,,,
Peru,PER,"Hospital beds (per 1,000 people)",SH.MED.BEDS.ZS,,,,1.399999976,0.9,,,1.2,1.5,1.5,1.5,1.5,1.5,,,,,
Philippines,PHL,"Hospital beds (per 1,000 people)",SH.MED.BEDS.ZS,,1,0.5,,,,0.5,0.5,0.5,0.5,,1,,,,,,
Palau,PLW,"Hospital beds (per 1,000 people)",SH.MED.BEDS.ZS,,,,,,,5.9,5,,4.9,4.8,,,,,,,
Papua New Guinea,PNG,"Hospital beds (per 1,000 people)",SH.MED.BEDS.ZS,,,,,,,,,,,,,,,,,,
Poland,POL,"Hospital beds (per 1,000 people)",SH.MED.BEDS.ZS,4.900000095,,5.599999905,,5.3,5.2,5.2,,6.6,6.7,6.59,6.5,,,,,,
Puerto Rico,PRI,"Hospital beds (per 1,000 people)",SH.MED.BEDS.ZS,,,,,,,,,,,,,,,,,,
"Korea, Dem. People’s Rep.",PRK,"Hospital beds (per 1,000 people)",SH.MED.BEDS.ZS,,,13.2,,,,,,,,,,13.2,,,,,
Portugal,PRT,"Hospital beds (per 1,000 people)",SH.MED.BEDS.ZS,3.799999952,3.700000048,3.599999905,,3.7,3.7,3.5,,3.4,3.3,3.35,3.4,,,,,,
Paraguay,PRY,"Hospital beds (per 1,000 people)",SH.MED.BEDS.ZS,,,1.200000048,,,1.2,1.3,1.3,1.3,1.3,1.3,1.3,,,,,,
West Bank and Gaza,PSE,"Hospital beds (per 1,000 people)",SH.MED.BEDS.ZS,,,,,,,,,,,,,,,,,,
Qatar,QAT,"Hospital beds (per 1,000 people)",SH.MED.BEDS.ZS,,,2.400000095,,,2.4,2.52,,1.4,1.2,,,1.2,,,,,
Romania,ROU,"Hospital beds (per 1,000 people)",SH.MED.BEDS.ZS,7.440000057,7.489999771,,6.599999905,,6.6,6.5,,,6.6,6.29,6.1,,,,,,
Russian Federation,RUS,"Hospital beds (per 1,000 people)",SH.MED.BEDS.ZS,10.89000034,10.82999992,,10.5,9.9,9.7,9.7,,,,,,,,,,,
Rwanda,RWA,"Hospital beds (per 1,000 people)",SH.MED.BEDS.ZS,,,,,1.7,,1.6,1.6,,,,,,,,,,
Saudi Arabia,SAU,"Hospital beds (per 1,000 people)",SH.MED.BEDS.ZS,,2.200000048,,,2.3,2.3,,2.21,2.2,2.2,,,2.1,,,,,
Sudan,SDN,"Hospital beds (per 1,000 people)",SH.MED.BEDS.ZS,,,0.699999988,,0.7,,0.73,0.73,0.7,0.7,,,0.8,,,,,
Senegal,SEN,"Hospital beds (per 1,000 people)",SH.MED.BEDS.ZS,,,,,,,,0.1,0.3,,,,,,,,,
Singapore,SGP,"Hospital beds (per 1,000 people)",SH.MED.BEDS.ZS,,2.900000095,,2.8,,3.2,3.2,3.22,3.1,,,2,,,,,,
Solomon Islands,SLB,"Hospital beds (per 1,000 people)",SH.MED.BEDS.ZS,,,,2.2,,1.4,,,,,,,1.3,,,,,
Sierra Leone,SLE,"Hospital beds (per 1,000 people)",SH.MED.BEDS.ZS,,,,,,,0.4,,,,,,,,,,,
El Salvador,SLV,"Hospital beds (per 1,000 people)",SH.MED.BEDS.ZS,,,,,,0.9,0.9,0.7,0.8,1.1,1,1,1.1,,,,,
San Marino,SMR,"Hospital beds (per 1,000 people)",SH.MED.BEDS.ZS,,,,,,,,,,,,3.85,3.8,,,,,
Somalia,SOM,"Hospital beds (per 1,000 people)",SH.MED.BEDS.ZS,,,,,,,,,,,,,,,,,,
Serbia,SRB,"Hospital beds (per 1,000 people)",SH.MED.BEDS.ZS,,,,,,5.9,5.4,5.4,,5.4,,,,,,,,
South Sudan,SSD,"Hospital beds (per 1,000 people)",SH.MED.BEDS.ZS,,,,,,,,,,,,,,,,,,
Sao Tome and Principe,STP,"Hospital beds (per 1,000 people)",SH.MED.BEDS.ZS,,,,3.2,,,3.2,,,,,2.9,,,,,,
Suriname,SUR,"Hospital beds (per 1,000 people)",SH.MED.BEDS.ZS,3.9,3.599999905,,,3.1,,3.3,3.1,,2.6,3.1,,,,,,,
Slovak Republic,SVK,"Hospital beds (per 1,000 people)",SH.MED.BEDS.ZS,7.900000095,7.699999809,7.599999905,7.199999809,,6.9,6.81,6.8,6.6,6.5,6.42,6,,,,,,
Slovenia,SVN,"Hospital beds (per 1,000 people)",SH.MED.BEDS.ZS,5.429999828,5.159999847,,5,,4.8,4.8,4.7,4.7,4.6,4.57,4.6,4.544617,4.552046,,,,
Sweden,SWE,"Hospital beds (per 1,000 people)",SH.MED.BEDS.ZS,3.599999905,,,,,,,,,2.8,2.73,2.7,,,,,,
Sint Maarten (Dutch part),SXM,"Hospital beds (per 1,000 people)",SH.MED.BEDS.ZS,,,,,,,,,,,,,,,,,,
Seychelles,SYC,"Hospital beds (per 1,000 people)",SH.MED.BEDS.ZS,,,,,,,5.7,,,3.9,,3.6,,,,,,
Syrian Arab Republic,SYR,"Hospital beds (per 1,000 people)",SH.MED.BEDS.ZS,,,,1.5,1.3,,1.4,1.47,1.54,1.5,1.5,,1.5,,,,,
Turks and Caicos Islands,TCA,"Hospital beds (per 1,000 people)",SH.MED.BEDS.ZS,,,,,,,,,,,,,,,,,,
Chad,TCD,"Hospital beds (per 1,000 people)",SH.MED.BEDS.ZS,,,,,,0.4,,,,,,,,,,,,
Togo,TGO,"Hospital beds (per 1,000 people)",SH.MED.BEDS.ZS,,,,,,0.9,,,,,,0.7,,,,,,
Thailand,THA,"Hospital beds (per 1,000 people)",SH.MED.BEDS.ZS,2.2,,2.2,,,,,,,,2.1,,,,,,,
Tajikistan,TJK,"Hospital beds (per 1,000 people)",SH.MED.BEDS.ZS,6.539999962,6.400000095,6.21,6.099999905,6.4,6.2,6.1,5.38,5.41,5.2,,5.5,,,,,,
Turkmenistan,TKM,"Hospital beds (per 1,000 people)",SH.MED.BEDS.ZS,,,,,4.9,,4.3331,4.1,,4,,4.07,4,,,,,
Timor-Leste,TLS,"Hospital beds (per 1,000 people)",SH.MED.BEDS.ZS,,,,,,,,,,,5.9,,,,,,,
Tonga,TON,"Hospital beds (per 1,000 people)",SH.MED.BEDS.ZS,,3.200000048,,,2.4,,,,2.4,,2.6,,,,,,,
Trinidad and Tobago,TTO,"Hospital beds (per 1,000 people)",SH.MED.BEDS.ZS,3.3,3.400000095,,3.3,,2.6,2.7,2.7,2.5,2.6,2.1,,2.7,,,,,
Tunisia,TUN,"Hospital beds (per 1,000 people)",SH.MED.BEDS.ZS,,,1.700000048,,1.8,,1.9,1.76,2,2.1,2.1,,2.1,,,,,
Turkey,TUR,"Hospital beds (per 1,000 people)",SH.MED.BEDS.ZS,2.599999905,2.599999905,2.599999905,2.599999905,2.6,2.6,2.7,2.8,2.4,2.5,2.5,2.5,,,,,,
Tuvalu,TUV,"Hospital beds (per 1,000 people)",SH.MED.BEDS.ZS,,5.6,,,,,,,,,,,,,,,,
Tanzania,TZA,"Hospital beds (per 1,000 people)",SH.MED.BEDS.ZS,,,,,,,1.1,,,,0.7,,,,,,,
Uganda,UGA,"Hospital beds (per 1,000 people)",SH.MED.BEDS.ZS,,,,,0.7,1,1.1,,,0.4,0.5,,,,,,,
Ukraine,UKR,"Hospital beds (per 1,000 people)",SH.MED.BEDS.ZS,8.819999695,8.739999771,,8.800000191,,8.7,8.7,,,8.7,,,9,,,,,
Uruguay,URY,"Hospital beds (per 1,000 people)",SH.MED.BEDS.ZS,,,,1.899999976,,2.4,2.9,2.9,,,1.2,3,2.5,,,,,
United States,USA,"Hospital beds (per 1,000 people)",SH.MED.BEDS.ZS,3.5,3.5,3.400000095,3.3,,3.2,3.1,3.1,3.1,3,3,2.9,,,,,,
Uzbekistan,UZB,"Hospital beds (per 1,000 people)",SH.MED.BEDS.ZS,5.329999924,5.340000153,,5.5,,5.2,,4.8,,4.6,4.4,,,,,,,
"Venezuela, RB",VEN,"Hospital beds (per 1,000 people)",SH.MED.BEDS.ZS,,0.800000012,,0.9,,,,1.3,,1.1,,0.9,,,,,,
Virgin Islands (U.S.),VIR,"Hospital beds (per 1,000 people)",SH.MED.BEDS.ZS,,,,,,,,,,,,,,,,,,
Vietnam,VNM,"Hospital beds (per 1,000 people)",SH.MED.BEDS.ZS,,2.400000095,1.4,,2.8,2.6,2.66,,2.9,3.1,2,,,,,,,
Vanuatu,VUT,"Hospital beds (per 1,000 people)",SH.MED.BEDS.ZS,,3.099999905,,3.7,,4.1,,,1.7,,,,,,,,,
Samoa,WSM,"Hospital beds (per 1,000 people)",SH.MED.BEDS.ZS,3.299999952,,1.5,2.04,,1,,,,,,,,,,,,
Kosovo,XKX,"Hospital beds (per 1,000 people)",SH.MED.BEDS.ZS,,,,,,,,,,,,,,,,,,
"Yemen, Rep.",YEM,"Hospital beds (per 1,000 people)",SH.MED.BEDS.ZS,,0.600000024,,,,0.6,0.7,0.7,0.7,0.7,0.7,,0.7,,,,,
South Africa,ZAF,"Hospital beds (per 1,000 people)",SH.MED.BEDS.ZS,,,,,,2.8,,,,,,,,,,,,
Zambia,ZMB,"Hospital beds (per 1,000 people)",SH.MED.BEDS.ZS,,,,,2,,,,1.9,,2,,,,,,,
Zimbabwe,ZWE,"Hospital beds (per 1,000 people)",SH.MED.BEDS.ZS,,,,,,,3,,,,,1.7,,,,,,
