﻿Country Name,Country Code,Indicator Name,Indicator Code,1960,1961,1962,1963,1964,1965,1966,1967,1968,1969,1970,1971,1972,1973,1974,1975,1976,1977,1978,1979,1980,1981,1982,1983,1984,1985,1986,1987,1988,1989,1990,1991,1992,1993,1994,1995,1996,1997,1998,1999,2000,2001,2002,2003,2004,2005,2006,2007,2008,2009,2010,2011,2012,2013,2014,2015,2016,2017
Aruba,ABW,"Tuberculosis case detection rate (%, all forms)",SH.TBS.DTEC.ZS,,,,,,,,,,,,,,,,,,,,,,,,,,,,,,,,,,,,,,,,,,,,,,,,,,,87,87,87,87,87,,87,
Afghanistan,AFG,"Tuberculosis case detection rate (%, all forms)",SH.TBS.DTEC.ZS,,,,,,,,,,,,,,,,,,,,,,,,,,,,,,,,,,,,,,,,,19,26,33,32,40,46,52,57,55,49,51,50,49,51,51,56,64,
Angola,AGO,"Tuberculosis case detection rate (%, all forms)",SH.TBS.DTEC.ZS,,,,,,,,,,,,,,,,,,,,,,,,,,,,,,,,,,,,,,,,,33,42,53,59,54,52,66,52,54,48,50,51,54,60,54,58,56,
Albania,ALB,"Tuberculosis case detection rate (%, all forms)",SH.TBS.DTEC.ZS,,,,,,,,,,,,,,,,,,,,,,,,,,,,,,,,,,,,,,,,,87,87,87,87,87,87,87,87,87,87,87,87,87,87,87,87,87,
Andorra,AND,"Tuberculosis case detection rate (%, all forms)",SH.TBS.DTEC.ZS,,,,,,,,,,,,,,,,,,,,,,,,,,,,,,,,,,,,,,,,,87,87,87,87,87,87,87,87,87,87,87,87,87,87,87,87,87,
United Arab Emirates,ARE,"Tuberculosis case detection rate (%, all forms)",SH.TBS.DTEC.ZS,,,,,,,,,,,,,,,,,,,,,,,,,,,,,,,,,,,,,,,,,87,87,87,87,87,87,87,87,87,87,87,87,87,87,87,87,87,
Argentina,ARG,"Tuberculosis case detection rate (%, all forms)",SH.TBS.DTEC.ZS,,,,,,,,,,,,,,,,,,,,,,,,,,,,,,,,,,,,,,,,,87,87,87,87,87,87,87,87,87,87,87,87,87,87,87,87,94,
Armenia,ARM,"Tuberculosis case detection rate (%, all forms)",SH.TBS.DTEC.ZS,,,,,,,,,,,,,,,,,,,,,,,,,,,,,,,,,,,,,,,,,80,80,80,80,80,80,80,80,80,80,80,80,80,80,80,86,80,
American Samoa,ASM,"Tuberculosis case detection rate (%, all forms)",SH.TBS.DTEC.ZS,,,,,,,,,,,,,,,,,,,,,,,,,,,,,,,,,,,,,,,,,87,87,87,87,87,87,87,87,87,87,87,87,,,,87,,
Antigua and Barbuda,ATG,"Tuberculosis case detection rate (%, all forms)",SH.TBS.DTEC.ZS,,,,,,,,,,,,,,,,,,,,,,,,,,,,,,,,,,,,,,,,,87,87,87,87,,87,87,87,87,87,87,87,87,87,87,,87,
Australia,AUS,"Tuberculosis case detection rate (%, all forms)",SH.TBS.DTEC.ZS,,,,,,,,,,,,,,,,,,,,,,,,,,,,,,,,,,,,,,,,,87,87,87,87,87,87,87,87,87,87,87,87,87,87,87,87,93,
Austria,AUT,"Tuberculosis case detection rate (%, all forms)",SH.TBS.DTEC.ZS,,,,,,,,,,,,,,,,,,,,,,,,,,,,,,,,,,,,,,,,,87,87,87,87,87,87,87,87,,87,87,87,87,87,87,87,87,
Azerbaijan,AZE,"Tuberculosis case detection rate (%, all forms)",SH.TBS.DTEC.ZS,,,,,,,,,,,,,,,,,,,,,,,,,,,,,,,,,,,,,,,,,80,80,80,80,80,80,80,80,80,80,80,80,80,80,80,80,80,
Burundi,BDI,"Tuberculosis case detection rate (%, all forms)",SH.TBS.DTEC.ZS,,,,,,,,,,,,,,,,,,,,,,,,,,,,,,,,,,,,,,,,,35,37,38,43,45,46,44,47,52,57,60,54,56,61,58,55,61,
Belgium,BEL,"Tuberculosis case detection rate (%, all forms)",SH.TBS.DTEC.ZS,,,,,,,,,,,,,,,,,,,,,,,,,,,,,,,,,,,,,,,,,87,87,87,87,87,87,87,87,87,87,87,87,87,87,87,87,87,
Benin,BEN,"Tuberculosis case detection rate (%, all forms)",SH.TBS.DTEC.ZS,,,,,,,,,,,,,,,,,,,,,,,,,,,,,,,,,,,,,,,,,45,45,48,50,54,56,62,61,64,63,60,66,62,61,61,63,61,
Burkina Faso,BFA,"Tuberculosis case detection rate (%, all forms)",SH.TBS.DTEC.ZS,,,,,,,,,,,,,,,,,,,,,,,,,,,,,,,,,,,,,,,,,28,29,29,31,34,41,45,45,47,52,53,58,57,58,59,60,60,
Bangladesh,BGD,"Tuberculosis case detection rate (%, all forms)",SH.TBS.DTEC.ZS,,,,,,,,,,,,,,,,,,,,,,,,,,,,,,,,,,,,,,,,,26,26,28,29,31,39,45,45,46,48,46,45,49,53,54,58,62,
Bulgaria,BGR,"Tuberculosis case detection rate (%, all forms)",SH.TBS.DTEC.ZS,,,,,,,,,,,,,,,,,,,,,,,,,,,,,,,,,,,,,,,,,80,80,80,80,80,80,80,80,80,80,80,80,80,80,80,80,80,
Bahrain,BHR,"Tuberculosis case detection rate (%, all forms)",SH.TBS.DTEC.ZS,,,,,,,,,,,,,,,,,,,,,,,,,,,,,,,,,,,,,,,,,87,87,87,87,87,87,87,87,87,87,87,87,87,87,,,87,
"Bahamas, The",BHS,"Tuberculosis case detection rate (%, all forms)",SH.TBS.DTEC.ZS,,,,,,,,,,,,,,,,,,,,,,,,,,,,,,,,,,,,,,,,,87,,87,87,87,87,87,87,87,87,87,87,87,87,87,87,87,
Bosnia and Herzegovina,BIH,"Tuberculosis case detection rate (%, all forms)",SH.TBS.DTEC.ZS,,,,,,,,,,,,,,,,,,,,,,,,,,,,,,,,,,,,,,,,,80,80,80,80,80,80,80,80,80,80,80,80,80,80,80,80,80,
Belarus,BLR,"Tuberculosis case detection rate (%, all forms)",SH.TBS.DTEC.ZS,,,,,,,,,,,,,,,,,,,,,,,,,,,,,,,,,,,,,,,,,82,68,66,80,77,75,74,77,75,79,78,74,79,77,70,72,65,
Belize,BLZ,"Tuberculosis case detection rate (%, all forms)",SH.TBS.DTEC.ZS,,,,,,,,,,,,,,,,,,,,,,,,,,,,,,,,,,,,,,,,,87,87,87,87,87,87,87,87,87,87,87,87,87,87,87,87,87,
Bermuda,BMU,"Tuberculosis case detection rate (%, all forms)",SH.TBS.DTEC.ZS,,,,,,,,,,,,,,,,,,,,,,,,,,,,,,,,,,,,,,,,,,,,,87,,87,,,,87,87,87,,,,87,
Bolivia,BOL,"Tuberculosis case detection rate (%, all forms)",SH.TBS.DTEC.ZS,,,,,,,,,,,,,,,,,,,,,,,,,,,,,,,,,,,,,,,,,66,69,68,66,67,68,63,61,66,65,62,65,64,65,64,62,62,
Brazil,BRA,"Tuberculosis case detection rate (%, all forms)",SH.TBS.DTEC.ZS,,,,,,,,,,,,,,,,,,,,,,,,,,,,,,,,,,,,,,,,,87,87,87,87,87,87,87,87,87,87,87,87,87,87,87,87,87,
Barbados,BRB,"Tuberculosis case detection rate (%, all forms)",SH.TBS.DTEC.ZS,,,,,,,,,,,,,,,,,,,,,,,,,,,,,,,,,,,,,,,,,87,87,87,,87,,87,87,87,87,87,,87,87,87,,87,
Brunei Darussalam,BRN,"Tuberculosis case detection rate (%, all forms)",SH.TBS.DTEC.ZS,,,,,,,,,,,,,,,,,,,,,,,,,,,,,,,,,,,,,,,,,87,87,87,87,87,87,87,87,87,87,87,87,87,87,87,87,87,
Bhutan,BTN,"Tuberculosis case detection rate (%, all forms)",SH.TBS.DTEC.ZS,,,,,,,,,,,,,,,,,,,,,,,,,,,,,,,,,,,,,,,,,80,80,80,80,80,80,80,80,80,80,80,80,80,80,80,80,80,
Botswana,BWA,"Tuberculosis case detection rate (%, all forms)",SH.TBS.DTEC.ZS,,,,,,,,,,,,,,,,,,,,,,,,,,,,,,,,,,,,,,,,,59,62,67,67,72,74,66,65,76,76,67,67,74,78,72,63,65,
Central African Republic,CAF,"Tuberculosis case detection rate (%, all forms)",SH.TBS.DTEC.ZS,,,,,,,,,,,,,,,,,,,,,,,,,,,,,,,,,,,,,,,,,,6.6,13,12,13,11,23,,31,42,35,31,48,53,60,59,53,
Canada,CAN,"Tuberculosis case detection rate (%, all forms)",SH.TBS.DTEC.ZS,,,,,,,,,,,,,,,,,,,,,,,,,,,,,,,,,,,,,,,,,87,87,87,87,87,87,87,87,87,87,87,87,87,87,87,87,92,
Switzerland,CHE,"Tuberculosis case detection rate (%, all forms)",SH.TBS.DTEC.ZS,,,,,,,,,,,,,,,,,,,,,,,,,,,,,,,,,,,,,,,,,87,87,87,87,87,87,87,87,87,87,87,87,87,87,87,87,87,
Chile,CHL,"Tuberculosis case detection rate (%, all forms)",SH.TBS.DTEC.ZS,,,,,,,,,,,,,,,,,,,,,,,,,,,,,,,,,,,,,,,,,87,87,87,87,87,87,87,87,87,87,87,87,87,87,87,87,87,
China,CHN,"Tuberculosis case detection rate (%, all forms)",SH.TBS.DTEC.ZS,,,,,,,,,,,,,,,,,,,,,,,,,,,,,,,,,,,,,,,,,33,35,35,48,64,74,80,85,87,87,87,87,87,87,87,87,87,
Cote d'Ivoire,CIV,"Tuberculosis case detection rate (%, all forms)",SH.TBS.DTEC.ZS,,,,,,,,,,,,,,,,,,,,,,,,,,,,,,,,,,,,,,,,,25,28,28,32,39,40,45,52,55,55,57,58,62,66,63,61,59,
Cameroon,CMR,"Tuberculosis case detection rate (%, all forms)",SH.TBS.DTEC.ZS,,,,,,,,,,,,,,,,,,,,,,,,,,,,,,,,,,,,,,,,,11,23,21,31,33,40,43,45,46,47,46,48,49,50,53,54,55,
"Congo, Dem. Rep.",COD,"Tuberculosis case detection rate (%, all forms)",SH.TBS.DTEC.ZS,,,,,,,,,,,,,,,,,,,,,,,,,,,,,,,,,,,,,,,,,40,42,43,48,54,54,52,52,53,55,54,50,48,48,48,48,51,
"Congo, Rep.",COG,"Tuberculosis case detection rate (%, all forms)",SH.TBS.DTEC.ZS,,,,,,,,,,,,,,,,,,,,,,,,,,,,,,,,,,,,,,,,,80,78,73,54,64,62,52,55,54,58,60,64,64,59,54,52,54,
Colombia,COL,"Tuberculosis case detection rate (%, all forms)",SH.TBS.DTEC.ZS,,,,,,,,,,,,,,,,,,,,,,,,,,,,,,,,,,,,,,,,,80,80,80,80,80,80,80,80,80,80,80,80,80,80,80,80,80,
Comoros,COM,"Tuberculosis case detection rate (%, all forms)",SH.TBS.DTEC.ZS,,,,,,,,,,,,,,,,,,,,,,,,,,,,,,,,,,,,,,,,,57,65,52,34,41,50,50,,60,57,,48,48,48,56,,59,
Cabo Verde,CPV,"Tuberculosis case detection rate (%, all forms)",SH.TBS.DTEC.ZS,,,,,,,,,,,,,,,,,,,,,,,,,,,,,,,,,,,,,,,,,,41,27,44,41,40,36,37,45,45,48,51,57,41,38,36,34,
Costa Rica,CRI,"Tuberculosis case detection rate (%, all forms)",SH.TBS.DTEC.ZS,,,,,,,,,,,,,,,,,,,,,,,,,,,,,,,,,,,,,,,,,80,80,80,80,80,80,80,80,80,80,80,80,80,80,80,80,80,
Cuba,CUB,"Tuberculosis case detection rate (%, all forms)",SH.TBS.DTEC.ZS,,,,,,,,,,,,,,,,,,,,,,,,,,,,,,,,,,,,,,,,,87,87,87,87,87,87,87,87,87,87,87,87,87,87,87,87,87,
Cayman Islands,CYM,"Tuberculosis case detection rate (%, all forms)",SH.TBS.DTEC.ZS,,,,,,,,,,,,,,,,,,,,,,,,,,,,,,,,,,,,,,,,,87,87,,,87,,,87,87,87,87,87,87,87,,87,87,
Cyprus,CYP,"Tuberculosis case detection rate (%, all forms)",SH.TBS.DTEC.ZS,,,,,,,,,,,,,,,,,,,,,,,,,,,,,,,,,,,,,,,,,87,87,87,87,87,87,87,87,87,87,87,87,87,87,87,87,87,
Czech Republic,CZE,"Tuberculosis case detection rate (%, all forms)",SH.TBS.DTEC.ZS,,,,,,,,,,,,,,,,,,,,,,,,,,,,,,,,,,,,,,,,,87,87,87,87,87,87,87,87,87,87,87,87,87,87,87,87,96,
Germany,DEU,"Tuberculosis case detection rate (%, all forms)",SH.TBS.DTEC.ZS,,,,,,,,,,,,,,,,,,,,,,,,,,,,,,,,,,,,,,,,,87,87,87,87,87,87,87,87,87,87,87,87,87,87,87,87,87,
Djibouti,DJI,"Tuberculosis case detection rate (%, all forms)",SH.TBS.DTEC.ZS,,,,,,,,,,,,,,,,,,,,,,,,,,,,,,,,,,,,,,,,,80,80,80,80,80,80,80,80,80,80,80,80,80,80,80,80,80,
Dominica,DMA,"Tuberculosis case detection rate (%, all forms)",SH.TBS.DTEC.ZS,,,,,,,,,,,,,,,,,,,,,,,,,,,,,,,,,,,,,,,,,,,87,,,,87,87,87,87,87,87,87,87,87,87,87,
Denmark,DNK,"Tuberculosis case detection rate (%, all forms)",SH.TBS.DTEC.ZS,,,,,,,,,,,,,,,,,,,,,,,,,,,,,,,,,,,,,,,,,87,87,87,87,87,87,87,87,87,87,87,87,87,87,87,87,83,
Dominican Republic,DOM,"Tuberculosis case detection rate (%, all forms)",SH.TBS.DTEC.ZS,,,,,,,,,,,,,,,,,,,,,,,,,,,,,,,,,,,,,,,,,62,57,50,60,59,66,62,58,61,62,60,67,68,72,71,71,66,
Algeria,DZA,"Tuberculosis case detection rate (%, all forms)",SH.TBS.DTEC.ZS,,,,,,,,,,,,,,,,,,,,,,,,,,,,,,,,,,,,,,,,,80,80,80,80,80,80,80,80,80,80,80,80,80,80,80,80,80,
Ecuador,ECU,"Tuberculosis case detection rate (%, all forms)",SH.TBS.DTEC.ZS,,,,,,,,,,,,,,,,,,,,,,,,,,,,,,,,,,,,,,,,,55,52,53,65,63,46,49,54,55,54,55,57,60,60,60,60,64,
"Egypt, Arab Rep.",EGY,"Tuberculosis case detection rate (%, all forms)",SH.TBS.DTEC.ZS,,,,,,,,,,,,,,,,,,,,,,,,,,,,,,,,,,,,,,,,,60,60,65,68,70,70,62,62,61,63,62,60,57,54,53,58,61,
Eritrea,ERI,"Tuberculosis case detection rate (%, all forms)",SH.TBS.DTEC.ZS,,,,,,,,,,,,,,,,,,,,,,,,,,,,,,,,,,,,,,,,,110,45,45,61,61,61,61,61,61,61,61,61,61,61,61,61,61,
Spain,ESP,"Tuberculosis case detection rate (%, all forms)",SH.TBS.DTEC.ZS,,,,,,,,,,,,,,,,,,,,,,,,,,,,,,,,,,,,,,,,,87,87,87,87,87,87,87,87,87,87,87,87,87,87,87,87,100,
Estonia,EST,"Tuberculosis case detection rate (%, all forms)",SH.TBS.DTEC.ZS,,,,,,,,,,,,,,,,,,,,,,,,,,,,,,,,,,,,,,,,,93,88,83,84,85,84,81,95,92,89,78,87,83,91,88,87,87,
Ethiopia,ETH,"Tuberculosis case detection rate (%, all forms)",SH.TBS.DTEC.ZS,,,,,,,,,,,,,,,,,,,,,,,,,,,,,,,,,,,,,,,,,32,34,40,43,46,48,48,51,57,62,66,69,66,62,59,71,69,
Fragile and conflict affected situations,FCS,"Tuberculosis case detection rate (%, all forms)",SH.TBS.DTEC.ZS,,,,,,,,,,,,,,,,,,,,,,,,,,,,,,,,,,,,,,,,,,,,,,,,,,,,,,,,,,
Finland,FIN,"Tuberculosis case detection rate (%, all forms)",SH.TBS.DTEC.ZS,,,,,,,,,,,,,,,,,,,,,,,,,,,,,,,,,,,,,,,,,87,87,87,87,87,87,87,87,87,87,87,87,87,87,87,87,87,
Fiji,FJI,"Tuberculosis case detection rate (%, all forms)",SH.TBS.DTEC.ZS,,,,,,,,,,,,,,,,,,,,,,,,,,,,,,,,,,,,,,,,,80,80,80,80,80,80,80,80,80,80,80,80,80,80,80,80,59,
France,FRA,"Tuberculosis case detection rate (%, all forms)",SH.TBS.DTEC.ZS,,,,,,,,,,,,,,,,,,,,,,,,,,,,,,,,,,,,,,,,,86,86,86,86,86,86,86,86,86,86,86,86,86,86,86,86,94,
Faroe Islands,FRO,"Tuberculosis case detection rate (%, all forms)",SH.TBS.DTEC.ZS,,,,,,,,,,,,,,,,,,,,,,,,,,,,,,,,,,,,,,,,,,,,,,,,,,,,,,,,,,
"Micronesia, Fed. Sts.",FSM,"Tuberculosis case detection rate (%, all forms)",SH.TBS.DTEC.ZS,,,,,,,,,,,,,,,,,,,,,,,,,,,,,,,,,,,,,,,,,80,80,80,80,80,80,80,80,80,80,80,80,80,,80,80,80,
Gabon,GAB,"Tuberculosis case detection rate (%, all forms)",SH.TBS.DTEC.ZS,,,,,,,,,,,,,,,,,,,,,,,,,,,,,,,,,,,,,,,,,,36,28,28,32,30,37,46,56,39,49,57,64,67,67,64,58,
United Kingdom,GBR,"Tuberculosis case detection rate (%, all forms)",SH.TBS.DTEC.ZS,,,,,,,,,,,,,,,,,,,,,,,,,,,,,,,,,,,,,,,,,89,89,89,89,89,89,89,89,89,89,89,89,89,89,89,89,89,
Georgia,GEO,"Tuberculosis case detection rate (%, all forms)",SH.TBS.DTEC.ZS,,,,,,,,,,,,,,,,,,,,,,,,,,,,,,,,,,,,,,,,,37,35,43,56,46,57,64,66,73,100,87,89,81,73,76,80,82,
Ghana,GHA,"Tuberculosis case detection rate (%, all forms)",SH.TBS.DTEC.ZS,,,,,,,,,,,,,,,,,,,,,,,,,,,,,,,,,,,,,,,,,27,29,28,28,27,28,28,29,32,33,33,34,33,34,33,33,32,
Gibraltar,GIB,"Tuberculosis case detection rate (%, all forms)",SH.TBS.DTEC.ZS,,,,,,,,,,,,,,,,,,,,,,,,,,,,,,,,,,,,,,,,,,,,,,,,,,,,,,,,,,
Guinea,GIN,"Tuberculosis case detection rate (%, all forms)",SH.TBS.DTEC.ZS,,,,,,,,,,,,,,,,,,,,,,,,,,,,,,,,,,,,,,,,,27,29,31,33,37,34,43,47,50,42,55,56,56,55,56,57,58,
"Gambia, The",GMB,"Tuberculosis case detection rate (%, all forms)",SH.TBS.DTEC.ZS,,,,,,,,,,,,,,,,,,,,,,,,,,,,,,,,,,,,,,,,,68,71,74,75,80,74,64,66,73,72,66,75,74,72,76,74,70,
Guinea-Bissau,GNB,"Tuberculosis case detection rate (%, all forms)",SH.TBS.DTEC.ZS,,,,,,,,,,,,,,,,,,,,,,,,,,,,,,,,,,,,,,,,,34,,37,36,38,36,41,,39,39,38,34,31,32,36,32,33,
Equatorial Guinea,GNQ,"Tuberculosis case detection rate (%, all forms)",SH.TBS.DTEC.ZS,,,,,,,,,,,,,,,,,,,,,,,,,,,,,,,,,,,,,,,,,,,,,71,,,,70,63,67,65,,,64,63,65,
Greece,GRC,"Tuberculosis case detection rate (%, all forms)",SH.TBS.DTEC.ZS,,,,,,,,,,,,,,,,,,,,,,,,,,,,,,,,,,,,,,,,,87,87,87,87,87,87,87,87,87,87,87,87,87,87,87,87,83,
Grenada,GRD,"Tuberculosis case detection rate (%, all forms)",SH.TBS.DTEC.ZS,,,,,,,,,,,,,,,,,,,,,,,,,,,,,,,,,,,,,,,,,,,87,87,87,,87,87,87,87,87,87,87,,,87,87,
Greenland,GRL,"Tuberculosis case detection rate (%, all forms)",SH.TBS.DTEC.ZS,,,,,,,,,,,,,,,,,,,,,,,,,,,,,,,,,,,,,,,,,,,,,,,,,,87,87,87,87,87,87,87,87,
Guatemala,GTM,"Tuberculosis case detection rate (%, all forms)",SH.TBS.DTEC.ZS,,,,,,,,,,,,,,,,,,,,,,,,,,,,,,,,,,,,,,,,,80,80,80,80,80,80,80,80,80,80,80,80,80,80,80,80,80,
Guam,GUM,"Tuberculosis case detection rate (%, all forms)",SH.TBS.DTEC.ZS,,,,,,,,,,,,,,,,,,,,,,,,,,,,,,,,,,,,,,,,,87,87,87,87,87,87,87,87,87,87,87,87,87,87,87,87,87,
Guyana,GUY,"Tuberculosis case detection rate (%, all forms)",SH.TBS.DTEC.ZS,,,,,,,,,,,,,,,,,,,,,,,,,,,,,,,,,,,,,,,,,80,80,80,80,80,80,80,80,80,80,80,80,80,80,80,80,80,
"Hong Kong SAR, China",HKG,"Tuberculosis case detection rate (%, all forms)",SH.TBS.DTEC.ZS,,,,,,,,,,,,,,,,,,,,,,,,,,,,,,,,,,,,,,,,,87,87,87,87,87,87,87,87,87,87,87,87,87,87,87,87,87,
Honduras,HND,"Tuberculosis case detection rate (%, all forms)",SH.TBS.DTEC.ZS,,,,,,,,,,,,,,,,,,,,,,,,,,,,,,,,,,,,,,,,,80,80,80,80,80,80,80,80,80,80,80,80,80,80,80,80,80,
Croatia,HRV,"Tuberculosis case detection rate (%, all forms)",SH.TBS.DTEC.ZS,,,,,,,,,,,,,,,,,,,,,,,,,,,,,,,,,,,,,,,,,87,87,87,87,87,87,87,87,87,87,87,87,87,87,87,87,87,
Haiti,HTI,"Tuberculosis case detection rate (%, all forms)",SH.TBS.DTEC.ZS,,,,,,,,,,,,,,,,,,,,,,,,,,,,,,,,,,,,,,,,,45,43,49,56,58,57,56,57,61,63,62,68,76,79,75,78,75,
Hungary,HUN,"Tuberculosis case detection rate (%, all forms)",SH.TBS.DTEC.ZS,,,,,,,,,,,,,,,,,,,,,,,,,,,,,,,,,,,,,,,,,87,87,87,87,87,87,87,87,87,87,87,87,87,87,87,87,86,
Indonesia,IDN,"Tuberculosis case detection rate (%, all forms)",SH.TBS.DTEC.ZS,,,,,,,,,,,,,,,,,,,,,,,,,,,,,,,,,,,,,,,,,8.9,9.7,16,18,21,26,28,28,30,29,30,32,32,32,32,32,35,
India,IND,"Tuberculosis case detection rate (%, all forms)",SH.TBS.DTEC.ZS,,,,,,,,,,,,,,,,,,,,,,,,,,,,,,,,,,,,,,,,,37,35,34,34,36,36,39,41,43,44,44,44,44,43,56,59,63,
Ireland,IRL,"Tuberculosis case detection rate (%, all forms)",SH.TBS.DTEC.ZS,,,,,,,,,,,,,,,,,,,,,,,,,,,,,,,,,,,,,,,,,87,87,87,87,87,87,87,87,87,87,87,87,87,87,87,87,87,
"Iran, Islamic Rep.",IRN,"Tuberculosis case detection rate (%, all forms)",SH.TBS.DTEC.ZS,,,,,,,,,,,,,,,,,,,,,,,,,,,,,,,,,,,,,,,,,80,80,80,80,80,80,80,80,80,80,80,80,80,80,80,80,80,
Iraq,IRQ,"Tuberculosis case detection rate (%, all forms)",SH.TBS.DTEC.ZS,,,,,,,,,,,,,,,,,,,,,,,,,,,,,,,,,,,,,,,,,82,87,97,93,82,73,61,59,67,68,69,62,59,57,54,52,46,
Iceland,ISL,"Tuberculosis case detection rate (%, all forms)",SH.TBS.DTEC.ZS,,,,,,,,,,,,,,,,,,,,,,,,,,,,,,,,,,,,,,,,,87,87,87,87,87,87,87,87,87,87,87,87,87,87,87,87,87,
Israel,ISR,"Tuberculosis case detection rate (%, all forms)",SH.TBS.DTEC.ZS,,,,,,,,,,,,,,,,,,,,,,,,,,,,,,,,,,,,,,,,,87,87,87,87,87,87,87,87,87,87,87,87,87,87,87,87,87,
Italy,ITA,"Tuberculosis case detection rate (%, all forms)",SH.TBS.DTEC.ZS,,,,,,,,,,,,,,,,,,,,,,,,,,,,,,,,,,,,,,,,,87,87,87,87,87,87,87,87,87,87,87,87,87,87,,87,100,
Jamaica,JAM,"Tuberculosis case detection rate (%, all forms)",SH.TBS.DTEC.ZS,,,,,,,,,,,,,,,,,,,,,,,,,,,,,,,,,,,,,,,,,80,80,80,80,80,80,80,80,80,80,80,80,80,80,80,80,80,
Jordan,JOR,"Tuberculosis case detection rate (%, all forms)",SH.TBS.DTEC.ZS,,,,,,,,,,,,,,,,,,,,,,,,,,,,,,,,,,,,,,,,,80,80,80,80,80,80,80,80,80,80,80,80,80,80,80,80,80,
Japan,JPN,"Tuberculosis case detection rate (%, all forms)",SH.TBS.DTEC.ZS,,,,,,,,,,,,,,,,,,,,,,,,,,,,,,,,,,,,,,,,,87,87,87,87,87,87,87,87,87,87,87,87,87,87,87,87,87,
Kazakhstan,KAZ,"Tuberculosis case detection rate (%, all forms)",SH.TBS.DTEC.ZS,,,,,,,,,,,,,,,,,,,,,,,,,,,,,,,,,,,,,,,,,100,95,94,120,94,99,99,100,93,100,99,110,88,100,94,99,100,
Kenya,KEN,"Tuberculosis case detection rate (%, all forms)",SH.TBS.DTEC.ZS,,,,,,,,,,,,,,,,,,,,,,,,,,,,,,,,,,,,,,,,,45,45,45,45,45,45,45,45,45,45,45,45,45,45,45,45,45,
Kyrgyz Republic,KGZ,"Tuberculosis case detection rate (%, all forms)",SH.TBS.DTEC.ZS,,,,,,,,,,,,,,,,,,,,,,,,,,,,,,,,,,,,,,,,,52,54,55,110,54,59,62,66,78,73,72,77,79,89,78,83,81,
Cambodia,KHM,"Tuberculosis case detection rate (%, all forms)",SH.TBS.DTEC.ZS,,,,,,,,,,,,,,,,,,,,,,,,,,,,,,,,,,,,,,,,,27,27,35,41,45,52,52,54,60,62,65,63,66,63,72,62,62,
Kiribati,KIR,"Tuberculosis case detection rate (%, all forms)",SH.TBS.DTEC.ZS,,,,,,,,,,,,,,,,,,,,,,,,,,,,,,,,,,,,,,,,,80,80,80,80,80,80,80,80,80,80,80,80,80,80,80,80,80,
"Korea, Rep.",KOR,"Tuberculosis case detection rate (%, all forms)",SH.TBS.DTEC.ZS,,,,,,,,,,,,,,,,,,,,,,,,,,,,,,,,,,,,,,,,,94,94,94,94,94,94,94,94,94,94,94,94,94,94,94,94,94,
Kuwait,KWT,"Tuberculosis case detection rate (%, all forms)",SH.TBS.DTEC.ZS,,,,,,,,,,,,,,,,,,,,,,,,,,,,,,,,,,,,,,,,,87,87,87,87,87,87,87,87,87,87,87,87,87,87,87,87,87,
Lao PDR,LAO,"Tuberculosis case detection rate (%, all forms)",SH.TBS.DTEC.ZS,,,,,,,,,,,,,,,,,,,,,,,,,,,,,,,,,,,,,,,,,13,14,16,17,20,24,27,27,28,28,29,32,31,32,35,37,42,
Lebanon,LBN,"Tuberculosis case detection rate (%, all forms)",SH.TBS.DTEC.ZS,,,,,,,,,,,,,,,,,,,,,,,,,,,,,,,,,,,,,,,,,87,87,87,87,87,87,87,87,87,87,87,87,87,87,87,87,87,
Liberia,LBR,"Tuberculosis case detection rate (%, all forms)",SH.TBS.DTEC.ZS,,,,,,,,,,,,,,,,,,,,,,,,,,,,,,,,,,,,,,,,,22,24,45,31,52,39,48,,48,54,57,65,64,57,37,42,50,
Libya,LBY,"Tuberculosis case detection rate (%, all forms)",SH.TBS.DTEC.ZS,,,,,,,,,,,,,,,,,,,,,,,,,,,,,,,,,,,,,,,,,63,,83,86,73,91,86,89,83,86,,61,63,54,47,39,45,
Liechtenstein,LIE,"Tuberculosis case detection rate (%, all forms)",SH.TBS.DTEC.ZS,,,,,,,,,,,,,,,,,,,,,,,,,,,,,,,,,,,,,,,,,,,,,,,,,,,,,,,,,,
Sri Lanka,LKA,"Tuberculosis case detection rate (%, all forms)",SH.TBS.DTEC.ZS,,,,,,,,,,,,,,,,,,,,,,,,,,,,,,,,,,,,,,,,,68,60,71,73,68,73,67,68,71,72,74,76,68,69,69,69,64,
Lesotho,LSO,"Tuberculosis case detection rate (%, all forms)",SH.TBS.DTEC.ZS,,,,,,,,,,,,,,,,,,,,,,,,,,,,,,,,,,,,,,,,,53,34,46,55,47,43,49,53,49,51,51,53,52,49,48,44,46,
Lithuania,LTU,"Tuberculosis case detection rate (%, all forms)",SH.TBS.DTEC.ZS,,,,,,,,,,,,,,,,,,,,,,,,,,,,,,,,,,,,,,,,,74,75,72,82,67,74,87,86,84,79,77,81,80,81,80,87,87,
Luxembourg,LUX,"Tuberculosis case detection rate (%, all forms)",SH.TBS.DTEC.ZS,,,,,,,,,,,,,,,,,,,,,,,,,,,,,,,,,,,,,,,,,87,87,87,87,87,87,87,87,87,87,87,87,87,87,87,87,87,
Latvia,LVA,"Tuberculosis case detection rate (%, all forms)",SH.TBS.DTEC.ZS,,,,,,,,,,,,,,,,,,,,,,,,,,,,,,,,,,,,,,,,,68,75,74,78,82,83,86,91,85,83,84,83,93,85,75,87,87,
"Macao SAR, China",MAC,"Tuberculosis case detection rate (%, all forms)",SH.TBS.DTEC.ZS,,,,,,,,,,,,,,,,,,,,,,,,,,,,,,,,,,,,,,,,,87,87,87,87,87,87,87,87,87,87,87,87,87,87,87,87,87,
Morocco,MAR,"Tuberculosis case detection rate (%, all forms)",SH.TBS.DTEC.ZS,,,,,,,,,,,,,,,,,,,,,,,,,,,,,,,,,,,,,,,,,87,87,87,87,87,87,87,87,87,87,87,87,87,87,87,87,87,
Monaco,MCO,"Tuberculosis case detection rate (%, all forms)",SH.TBS.DTEC.ZS,,,,,,,,,,,,,,,,,,,,,,,,,,,,,,,,,,,,,,,,,,,,,,,,,,,87,,,,,,,
Moldova,MDA,"Tuberculosis case detection rate (%, all forms)",SH.TBS.DTEC.ZS,,,,,,,,,,,,,,,,,,,,,,,,,,,,,,,,,,,,,,,,,87,87,87,170,87,87,87,87,87,87,87,87,87,87,87,87,87,
Madagascar,MDG,"Tuberculosis case detection rate (%, all forms)",SH.TBS.DTEC.ZS,,,,,,,,,,,,,,,,,,,,,,,,,,,,,,,,,,,,,,,,,,35,37,41,42,40,45,45,44,45,48,50,49,50,51,52,49,
Maldives,MDV,"Tuberculosis case detection rate (%, all forms)",SH.TBS.DTEC.ZS,,,,,,,,,,,,,,,,,,,,,,,,,,,,,,,,,,,,,,,,,80,80,80,80,80,80,80,80,80,80,80,80,80,80,80,80,80,
Mexico,MEX,"Tuberculosis case detection rate (%, all forms)",SH.TBS.DTEC.ZS,,,,,,,,,,,,,,,,,,,,,,,,,,,,,,,,,,,,,,,,,80,80,80,80,80,80,80,80,80,80,80,80,80,80,80,80,80,
Marshall Islands,MHL,"Tuberculosis case detection rate (%, all forms)",SH.TBS.DTEC.ZS,,,,,,,,,,,,,,,,,,,,,,,,,,,,,,,,,,,,,,,,,80,80,80,80,80,80,80,80,80,80,80,80,80,80,80,80,80,
Mali,MLI,"Tuberculosis case detection rate (%, all forms)",SH.TBS.DTEC.ZS,,,,,,,,,,,,,,,,,,,,,,,,,,,,,,,,,,,,,,,,,50,52,52,52,51,53,56,57,65,71,56,57,56,59,60,68,68,
Malta,MLT,"Tuberculosis case detection rate (%, all forms)",SH.TBS.DTEC.ZS,,,,,,,,,,,,,,,,,,,,,,,,,,,,,,,,,,,,,,,,,87,87,87,87,87,87,87,87,87,87,87,87,87,87,87,87,87,
Myanmar,MMR,"Tuberculosis case detection rate (%, all forms)",SH.TBS.DTEC.ZS,,,,,,,,,,,,,,,,,,,,,,,,,,,,,,,,,,,,,,,,,16,22,30,39,50,55,63,66,64,66,68,71,74,70,72,72,72,
Montenegro,MNE,"Tuberculosis case detection rate (%, all forms)",SH.TBS.DTEC.ZS,,,,,,,,,,,,,,,,,,,,,,,,,,,,,,,,,,,,,,,,,,,,,,87,87,87,87,87,87,87,87,87,87,87,87,
Mongolia,MNG,"Tuberculosis case detection rate (%, all forms)",SH.TBS.DTEC.ZS,,,,,,,,,,,,,,,,,,,,,,,,,,,,,,,,,,,,,,,,,80,80,80,80,80,80,80,80,80,80,80,80,80,80,80,80,80,
Northern Mariana Islands,MNP,"Tuberculosis case detection rate (%, all forms)",SH.TBS.DTEC.ZS,,,,,,,,,,,,,,,,,,,,,,,,,,,,,,,,,,,,,,,,,87,87,87,87,87,87,87,87,87,87,87,87,87,87,87,87,87,
Mozambique,MOZ,"Tuberculosis case detection rate (%, all forms)",SH.TBS.DTEC.ZS,,,,,,,,,,,,,,,,,,,,,,,,,,,,,,,,,,,,,,,,,23,23,26,28,29,30,31,32,32,34,33,33,34,37,39,38,45,
Mauritania,MRT,"Tuberculosis case detection rate (%, all forms)",SH.TBS.DTEC.ZS,,,,,,,,,,,,,,,,,,,,,,,,,,,,,,,,,,,,,,,,,45,,,,57,38,49,56,52,53,50,38,56,49,54,49,54,
Mauritius,MUS,"Tuberculosis case detection rate (%, all forms)",SH.TBS.DTEC.ZS,,,,,,,,,,,,,,,,,,,,,,,,,,,,,,,,,,,,,,,,,55,43,48,48,48,45,41,38,39,42,45,43,49,50,46,47,44,
Malawi,MWI,"Tuberculosis case detection rate (%, all forms)",SH.TBS.DTEC.ZS,,,,,,,,,,,,,,,,,,,,,,,,,,,,,,,,,,,,,,,,,53,57,52,58,54,49,48,46,45,44,42,40,43,41,42,46,54,
Malaysia,MYS,"Tuberculosis case detection rate (%, all forms)",SH.TBS.DTEC.ZS,,,,,,,,,,,,,,,,,,,,,,,,,,,,,,,,,,,,,,,,,87,87,87,87,87,87,87,87,87,87,87,87,87,87,87,87,87,
Namibia,NAM,"Tuberculosis case detection rate (%, all forms)",SH.TBS.DTEC.ZS,,,,,,,,,,,,,,,,,,,,,,,,,,,,,,,,,,,,,,,,,80,80,80,80,80,80,80,80,80,80,80,80,80,80,80,80,80,
New Caledonia,NCL,"Tuberculosis case detection rate (%, all forms)",SH.TBS.DTEC.ZS,,,,,,,,,,,,,,,,,,,,,,,,,,,,,,,,,,,,,,,,,87,87,87,87,87,87,87,87,87,87,87,87,87,,87,87,87,
Niger,NER,"Tuberculosis case detection rate (%, all forms)",SH.TBS.DTEC.ZS,,,,,,,,,,,,,,,,,,,,,,,,,,,,,,,,,,,,,,,,,22,24,25,35,35,40,44,49,49,54,54,56,59,60,58,55,52,
Nigeria,NGA,"Tuberculosis case detection rate (%, all forms)",SH.TBS.DTEC.ZS,,,,,,,,,,,,,,,,,,,,,,,,,,,,,,,,,,,,,,,,,9.6,17,14,15,19,21,23,26,26,26,24,24,25,25,22,22,24,
Nicaragua,NIC,"Tuberculosis case detection rate (%, all forms)",SH.TBS.DTEC.ZS,,,,,,,,,,,,,,,,,,,,,,,,,,,,,,,,,,,,,,,,,80,80,80,80,80,80,80,80,80,80,80,80,80,80,80,80,80,
Netherlands,NLD,"Tuberculosis case detection rate (%, all forms)",SH.TBS.DTEC.ZS,,,,,,,,,,,,,,,,,,,,,,,,,,,,,,,,,,,,,,,,,87,87,87,87,87,87,87,87,87,87,87,87,87,87,87,87,87,
Norway,NOR,"Tuberculosis case detection rate (%, all forms)",SH.TBS.DTEC.ZS,,,,,,,,,,,,,,,,,,,,,,,,,,,,,,,,,,,,,,,,,87,87,87,87,87,87,87,87,87,87,87,87,87,87,87,87,87,
Nepal,NPL,"Tuberculosis case detection rate (%, all forms)",SH.TBS.DTEC.ZS,,,,,,,,,,,,,,,,,,,,,,,,,,,,,,,,,,,,,,,,,76,75,76,81,77,80,77,77,76,80,80,80,79,76,79,74,70,
Nauru,NRU,"Tuberculosis case detection rate (%, all forms)",SH.TBS.DTEC.ZS,,,,,,,,,,,,,,,,,,,,,,,,,,,,,,,,,,,,,,,,,87,87,87,87,,87,87,88,88,88,87,86,,,80,79,79,
New Zealand,NZL,"Tuberculosis case detection rate (%, all forms)",SH.TBS.DTEC.ZS,,,,,,,,,,,,,,,,,,,,,,,,,,,,,,,,,,,,,,,,,87,87,87,87,87,87,87,87,87,87,87,87,87,87,87,87,87,
Oman,OMN,"Tuberculosis case detection rate (%, all forms)",SH.TBS.DTEC.ZS,,,,,,,,,,,,,,,,,,,,,,,,,,,,,,,,,,,,,,,,,87,87,87,87,87,87,87,87,87,87,87,87,87,87,87,87,87,
Pakistan,PAK,"Tuberculosis case detection rate (%, all forms)",SH.TBS.DTEC.ZS,,,,,,,,,,,,,,,,,,,,,,,,,,,,,,,,,,,,,,,,,2.9,5.3,12,17,23,33,41,52,54,57,56,55,55,58,62,63,69,
Panama,PAN,"Tuberculosis case detection rate (%, all forms)",SH.TBS.DTEC.ZS,,,,,,,,,,,,,,,,,,,,,,,,,,,,,,,,,,,,,,,,,80,80,80,80,80,80,80,80,80,80,80,80,80,80,80,80,80,
Peru,PER,"Tuberculosis case detection rate (%, all forms)",SH.TBS.DTEC.ZS,,,,,,,,,,,,,,,,,,,,,,,,,,,,,,,,,,,,,,,,,80,80,80,80,80,80,80,80,80,80,80,80,80,80,80,80,80,
Philippines,PHL,"Tuberculosis case detection rate (%, all forms)",SH.TBS.DTEC.ZS,,,,,,,,,,,,,,,,,,,,,,,,,,,,,,,,,,,,,,,,,26,23,26,29,28,29,32,30,29,30,33,38,41,43,44,49,58,
Palau,PLW,"Tuberculosis case detection rate (%, all forms)",SH.TBS.DTEC.ZS,,,,,,,,,,,,,,,,,,,,,,,,,,,,,,,,,,,,,,,,,,,87,87,87,87,87,87,,87,87,87,87,87,87,87,87,
Papua New Guinea,PNG,"Tuberculosis case detection rate (%, all forms)",SH.TBS.DTEC.ZS,,,,,,,,,,,,,,,,,,,,,,,,,,,,,,,,,,,,,,,,,44,51,44,49,48,46,45,52,48,41,47,47,64,69,78,77,79,
Poland,POL,"Tuberculosis case detection rate (%, all forms)",SH.TBS.DTEC.ZS,,,,,,,,,,,,,,,,,,,,,,,,,,,,,,,,,,,,,,,,,87,87,87,87,87,87,87,87,87,87,87,87,87,87,87,87,87,
Puerto Rico,PRI,"Tuberculosis case detection rate (%, all forms)",SH.TBS.DTEC.ZS,,,,,,,,,,,,,,,,,,,,,,,,,,,,,,,,,,,,,,,,,87,87,87,87,87,87,87,87,87,87,87,87,87,87,87,87,87,
"Korea, Dem. People’s Rep.",PRK,"Tuberculosis case detection rate (%, all forms)",SH.TBS.DTEC.ZS,,,,,,,,,,,,,,,,,,,,,,,,,,,,,,,,,,,,,,,,,29,25,34,41,37,35,36,47,58,61,67,72,72,76,80,87,87,
Portugal,PRT,"Tuberculosis case detection rate (%, all forms)",SH.TBS.DTEC.ZS,,,,,,,,,,,,,,,,,,,,,,,,,,,,,,,,,,,,,,,,,87,87,87,87,87,87,87,87,87,87,87,87,87,87,87,87,87,
Paraguay,PRY,"Tuberculosis case detection rate (%, all forms)",SH.TBS.DTEC.ZS,,,,,,,,,,,,,,,,,,,,,,,,,,,,,,,,,,,,,,,,,87,87,87,87,87,87,87,87,87,87,87,87,87,87,87,87,87,
West Bank and Gaza,PSE,"Tuberculosis case detection rate (%, all forms)",SH.TBS.DTEC.ZS,,,,,,,,,,,,,,,,,,,,,,,,,,,,,,,,,,,,,,,,,80,80,,80,80,80,80,80,80,80,80,80,80,,80,80,,
Qatar,QAT,"Tuberculosis case detection rate (%, all forms)",SH.TBS.DTEC.ZS,,,,,,,,,,,,,,,,,,,,,,,,,,,,,,,,,,,,,,,,,87,87,87,87,87,87,87,87,87,87,87,87,87,,87,87,87,
Romania,ROU,"Tuberculosis case detection rate (%, all forms)",SH.TBS.DTEC.ZS,,,,,,,,,,,,,,,,,,,,,,,,,,,,,,,,,,,,,,,,,87,87,87,87,87,87,87,87,87,87,87,87,87,87,87,87,87,
Russian Federation,RUS,"Tuberculosis case detection rate (%, all forms)",SH.TBS.DTEC.ZS,,,,,,,,,,,,,,,,,,,,,,,,,,,,,,,,,,,,,,,,,100,99,99,100,97,100,99,99,99,100,100,97,97,100,100,100,98,
Rwanda,RWA,"Tuberculosis case detection rate (%, all forms)",SH.TBS.DTEC.ZS,,,,,,,,,,,,,,,,,,,,,,,,,,,,,,,,,,,,,,,,,78,66,70,77,72,79,88,85,83,80,74,77,75,75,81,84,97,
Saudi Arabia,SAU,"Tuberculosis case detection rate (%, all forms)",SH.TBS.DTEC.ZS,,,,,,,,,,,,,,,,,,,,,,,,,,,,,,,,,,,,,,,,,87,87,87,87,87,87,87,87,87,87,87,87,87,87,87,87,87,
Sudan,SDN,"Tuberculosis case detection rate (%, all forms)",SH.TBS.DTEC.ZS,,,,,,,,,,,,,,,,,,,,,,,,,,,,,,,,,,,,,,,,,57,55,55,56,59,60,63,63,52,55,55,52,51,52,54,55,63,
Senegal,SEN,"Tuberculosis case detection rate (%, all forms)",SH.TBS.DTEC.ZS,,,,,,,,,,,,,,,,,,,,,,,,,,,,,,,,,,,,,,,,,56,55,54,60,58,61,63,63,66,65,63,61,66,68,67,64,60,
Singapore,SGP,"Tuberculosis case detection rate (%, all forms)",SH.TBS.DTEC.ZS,,,,,,,,,,,,,,,,,,,,,,,,,,,,,,,,,,,,,,,,,87,87,87,87,87,87,87,87,87,87,87,87,87,87,87,87,87,
Solomon Islands,SLB,"Tuberculosis case detection rate (%, all forms)",SH.TBS.DTEC.ZS,,,,,,,,,,,,,,,,,,,,,,,,,,,,,,,,,,,,,,,,,80,80,80,80,80,80,80,80,80,80,80,80,80,80,80,80,80,
Sierra Leone,SLE,"Tuberculosis case detection rate (%, all forms)",SH.TBS.DTEC.ZS,,,,,,,,,,,,,,,,,,,,,,,,,,,,,,,,,,,,,,,,,27,32,31,33,33,38,43,49,55,57,63,61,61,56,57,53,63,
El Salvador,SLV,"Tuberculosis case detection rate (%, all forms)",SH.TBS.DTEC.ZS,,,,,,,,,,,,,,,,,,,,,,,,,,,,,,,,,,,,,,,,,80,80,80,80,80,80,80,80,80,80,80,80,80,80,80,80,80,
San Marino,SMR,"Tuberculosis case detection rate (%, all forms)",SH.TBS.DTEC.ZS,,,,,,,,,,,,,,,,,,,,,,,,,,,,,,,,,,,,,,,,,87,,87,87,,,,,,,,,,,,,,
Somalia,SOM,"Tuberculosis case detection rate (%, all forms)",SH.TBS.DTEC.ZS,,,,,,,,,,,,,,,,,,,,,,,,,,,,,,,,,,,,,,,,,22,26,27,33,41,43,39,35,38,33,29,33,33,35,35,37,37,
Serbia,SRB,"Tuberculosis case detection rate (%, all forms)",SH.TBS.DTEC.ZS,,,,,,,,,,,,,,,,,,,,,,,,,,,,,,,,,,,,,,,,,,,,,,87,87,87,87,87,87,87,87,87,87,87,87,
South Sudan,SSD,"Tuberculosis case detection rate (%, all forms)",SH.TBS.DTEC.ZS,,,,,,,,,,,,,,,,,,,,,,,,,,,,,,,,,,,,,,,,,,,,,,,,,,,,47,53,39,49,56,60,
Sao Tome and Principe,STP,"Tuberculosis case detection rate (%, all forms)",SH.TBS.DTEC.ZS,,,,,,,,,,,,,,,,,,,,,,,,,,,,,,,,,,,,,,,,,61,61,59,280,75,83,94,56,41,47,72,81,68,86,85,94,95,
Suriname,SUR,"Tuberculosis case detection rate (%, all forms)",SH.TBS.DTEC.ZS,,,,,,,,,,,,,,,,,,,,,,,,,,,,,,,,,,,,,,,,,80,80,80,80,80,80,80,,80,80,80,80,80,80,80,80,80,
Slovak Republic,SVK,"Tuberculosis case detection rate (%, all forms)",SH.TBS.DTEC.ZS,,,,,,,,,,,,,,,,,,,,,,,,,,,,,,,,,,,,,,,,,87,87,87,87,87,87,87,87,87,87,87,87,87,87,87,87,87,
Slovenia,SVN,"Tuberculosis case detection rate (%, all forms)",SH.TBS.DTEC.ZS,,,,,,,,,,,,,,,,,,,,,,,,,,,,,,,,,,,,,,,,,87,87,87,87,87,87,87,87,87,87,87,87,87,87,87,87,87,
Sweden,SWE,"Tuberculosis case detection rate (%, all forms)",SH.TBS.DTEC.ZS,,,,,,,,,,,,,,,,,,,,,,,,,,,,,,,,,,,,,,,,,87,87,87,87,87,87,87,87,87,87,87,87,87,87,87,87,87,
Sint Maarten (Dutch part),SXM,"Tuberculosis case detection rate (%, all forms)",SH.TBS.DTEC.ZS,,,,,,,,,,,,,,,,,,,,,,,,,,,,,,,,,,,,,,,,,,,,,,,,,,,87,87,87,87,,87,,
Seychelles,SYC,"Tuberculosis case detection rate (%, all forms)",SH.TBS.DTEC.ZS,,,,,,,,,,,,,,,,,,,,,,,,,,,,,,,,,,,,,,,,,87,87,87,87,87,87,,,87,87,87,87,87,87,87,87,87,
Syrian Arab Republic,SYR,"Tuberculosis case detection rate (%, all forms)",SH.TBS.DTEC.ZS,,,,,,,,,,,,,,,,,,,,,,,,,,,,,,,,,,,,,,,,,80,80,80,80,80,80,80,80,80,80,80,80,80,80,80,80,80,
Turks and Caicos Islands,TCA,"Tuberculosis case detection rate (%, all forms)",SH.TBS.DTEC.ZS,,,,,,,,,,,,,,,,,,,,,,,,,,,,,,,,,,,,,,,,,,87,87,87,,,87,,,,87,87,87,87,87,87,87,
Chad,TCD,"Tuberculosis case detection rate (%, all forms)",SH.TBS.DTEC.ZS,,,,,,,,,,,,,,,,,,,,,,,,,,,,,,,,,,,,,,,,,,,37,33,34,42,,36,41,48,53,57,55,57,55,54,49,
Togo,TGO,"Tuberculosis case detection rate (%, all forms)",SH.TBS.DTEC.ZS,,,,,,,,,,,,,,,,,,,,,,,,,,,,,,,,,,,,,,,,,55,,56,56,60,63,65,53,62,61,57,59,60,57,60,68,79,
Thailand,THA,"Tuberculosis case detection rate (%, all forms)",SH.TBS.DTEC.ZS,,,,,,,,,,,,,,,,,,,,,,,,,,,,,,,,,,,,,,,,,22,32,32,35,37,40,41,40,42,51,55,55,52,55,58,53,59,
Tajikistan,TJK,"Tuberculosis case detection rate (%, all forms)",SH.TBS.DTEC.ZS,,,,,,,,,,,,,,,,,,,,,,,,,,,,,,,,,,,,,,,,,20,25,29,62,33,41,42,52,57,68,71,77,76,68,76,80,80,
Turkmenistan,TKM,"Tuberculosis case detection rate (%, all forms)",SH.TBS.DTEC.ZS,,,,,,,,,,,,,,,,,,,,,,,,,,,,,,,,,,,,,,,,,80,80,80,80,80,80,80,80,80,80,80,80,80,80,80,80,62,
Timor-Leste,TLS,"Tuberculosis case detection rate (%, all forms)",SH.TBS.DTEC.ZS,,,,,,,,,,,,,,,,,,,,,,,,,,,,,,,,,,,,,,,,,,,60,67,75,74,69,61,61,87,,78,66,64,61,54,57,
Tonga,TON,"Tuberculosis case detection rate (%, all forms)",SH.TBS.DTEC.ZS,,,,,,,,,,,,,,,,,,,,,,,,,,,,,,,,,,,,,,,,,87,87,87,87,87,87,87,87,87,87,87,87,87,87,87,87,87,
Trinidad and Tobago,TTO,"Tuberculosis case detection rate (%, all forms)",SH.TBS.DTEC.ZS,,,,,,,,,,,,,,,,,,,,,,,,,,,,,,,,,,,,,,,,,87,87,87,87,87,87,87,87,87,87,87,87,87,87,87,87,87,
Tunisia,TUN,"Tuberculosis case detection rate (%, all forms)",SH.TBS.DTEC.ZS,,,,,,,,,,,,,,,,,,,,,,,,,,,,,,,,,,,,,,,,,80,80,80,80,80,80,80,80,80,80,80,80,80,80,80,80,80,
Turkey,TUR,"Tuberculosis case detection rate (%, all forms)",SH.TBS.DTEC.ZS,,,,,,,,,,,,,,,,,,,,,,,,,,,,,,,,,,,,,,,,,87,87,87,87,87,87,87,87,87,87,87,87,87,87,87,87,87,
Tuvalu,TUV,"Tuberculosis case detection rate (%, all forms)",SH.TBS.DTEC.ZS,,,,,,,,,,,,,,,,,,,,,,,,,,,,,,,,,,,,,,,,,87,87,87,87,,87,87,87,87,87,87,87,87,87,87,87,87,
Tanzania,TZA,"Tuberculosis case detection rate (%, all forms)",SH.TBS.DTEC.ZS,,,,,,,,,,,,,,,,,,,,,,,,,,,,,,,,,,,,,,,,,32,35,33,34,32,30,29,29,29,30,31,31,34,38,36,37,40,
Uganda,UGA,"Tuberculosis case detection rate (%, all forms)",SH.TBS.DTEC.ZS,,,,,,,,,,,,,,,,,,,,,,,,,,,,,,,,,,,,,,,,,46,56,62,65,66,62,61,60,61,60,60,64,60,60,56,52,52,
Ukraine,UKR,"Tuberculosis case detection rate (%, all forms)",SH.TBS.DTEC.ZS,,,,,,,,,,,,,,,,,,,,,,,,,,,,,,,,,,,,,,,,,59,64,68,130,,67,71,66,69,68,67,71,90,84,75,74,75,
Uruguay,URY,"Tuberculosis case detection rate (%, all forms)",SH.TBS.DTEC.ZS,,,,,,,,,,,,,,,,,,,,,,,,,,,,,,,,,,,,,,,,,87,87,87,87,87,87,87,87,87,87,87,87,87,87,87,87,87,
United States,USA,"Tuberculosis case detection rate (%, all forms)",SH.TBS.DTEC.ZS,,,,,,,,,,,,,,,,,,,,,,,,,,,,,,,,,,,,,,,,,87,87,87,87,87,87,87,87,87,87,87,87,87,87,87,87,87,
Uzbekistan,UZB,"Tuberculosis case detection rate (%, all forms)",SH.TBS.DTEC.ZS,,,,,,,,,,,,,,,,,,,,,,,,,,,,,,,,,,,,,,,,,64,64,71,80,65,68,77,66,59,70,61,57,56,81,73,66,67,
"Venezuela, RB",VEN,"Tuberculosis case detection rate (%, all forms)",SH.TBS.DTEC.ZS,,,,,,,,,,,,,,,,,,,,,,,,,,,,,,,,,,,,,,,,,80,80,80,80,80,80,80,80,80,80,80,80,80,80,80,80,80,
Virgin Islands (U.S.),VIR,"Tuberculosis case detection rate (%, all forms)",SH.TBS.DTEC.ZS,,,,,,,,,,,,,,,,,,,,,,,,,,,,,,,,,,,,,,,,,,,,,,,,,,,,,,,,,,
Vietnam,VNM,"Tuberculosis case detection rate (%, all forms)",SH.TBS.DTEC.ZS,,,,,,,,,,,,,,,,,,,,,,,,,,,,,,,,,,,,,,,,,57,58,62,61,65,64,66,68,69,69,71,73,77,76,77,79,81,
Vanuatu,VUT,"Tuberculosis case detection rate (%, all forms)",SH.TBS.DTEC.ZS,,,,,,,,,,,,,,,,,,,,,,,,,,,,,,,,,,,,,,,,,75,75,75,76,66,44,76,72,61,81,71,68,78,78,69,82,65,
Samoa,WSM,"Tuberculosis case detection rate (%, all forms)",SH.TBS.DTEC.ZS,,,,,,,,,,,,,,,,,,,,,,,,,,,,,,,,,,,,,,,,,87,87,87,87,87,87,87,,87,87,87,87,87,87,87,87,87,
Kosovo,XKX,"Tuberculosis case detection rate (%, all forms)",SH.TBS.DTEC.ZS,,,,,,,,,,,,,,,,,,,,,,,,,,,,,,,,,,,,,,,,,,,,,,,,,,,,,,,,,,
"Yemen, Rep.",YEM,"Tuberculosis case detection rate (%, all forms)",SH.TBS.DTEC.ZS,,,,,,,,,,,,,,,,,,,,,,,,,,,,,,,,,,,,,,,,,66,65,60,56,57,55,55,59,61,67,73,72,82,84,77,59,71,
South Africa,ZAF,"Tuberculosis case detection rate (%, all forms)",SH.TBS.DTEC.ZS,,,,,,,,,,,,,,,,,,,,,,,,,,,,,,,,,,,,,,,,,57,48,61,58,63,59,64,65,71,73,73,75,68,68,67,64,54,
Zambia,ZMB,"Tuberculosis case detection rate (%, all forms)",SH.TBS.DTEC.ZS,,,,,,,,,,,,,,,,,,,,,,,,,,,,,,,,,,,,,,,,,62,59,70,76,73,68,67,66,63,65,64,64,61,61,60,58,62,
Zimbabwe,ZWE,"Tuberculosis case detection rate (%, all forms)",SH.TBS.DTEC.ZS,,,,,,,,,,,,,,,,,,,,,,,,,,,,,,,,,,,,,,,,,69,74,77,73,72,66,60,57,56,69,76,70,68,72,69,71,81,
