Country Name,Country Code,Indicator Name,Indicator Code,1960,1961,1962,1963,1964,1965,1966,1967,1968,1969,1970,1971,1972,1973,1974,1975,1976,1977,1978,1979,1980,1981,1982,1983,1984,1985,1986,1987,1988,1989,1990,1991,1992,1993,1994,1995,1996,1997,1998,1999,2000,2001,2002,2003,2004,2005,2006,2007,2008,2009,2010,2011,2012,2013,2014,2015,2016,2017
Aruba,ABW,Tax revenue (% of GDP),GC.TAX.TOTL.GD.ZS,,,,,,,,,,,,,,,,,,,,,,,,,,,,,,,,,,,,,,,,,,,,,,,,,,,,,,,,,,
Afghanistan,AFG,Tax revenue (% of GDP),GC.TAX.TOTL.GD.ZS,,,,,,,,,,,,,,,,,,,,,,,,,,,,,,,,,,,,,,,,,,,,,,,6.883364339,5.229755775,6.039428306,8.434997714,9.123651121,8.854568097,7.471638846,7.081350026,6.842385662,7.553269089,,
Angola,AGO,Tax revenue (% of GDP),GC.TAX.TOTL.GD.ZS,,,,,,,,,,,,,,,,,,,,,,,,,,,,,,,,,,,,,,,,16.29397166,28.70338216,29.24667572,18.9982922,21.55707824,21.67386078,22.40370615,29.31213197,23.21255408,26.97887424,17.09994255,16.85607841,17.29031825,16.6611554,15.52444282,15.57108329,12.45711955,10.32323038,
Albania,ALB,Tax revenue (% of GDP),GC.TAX.TOTL.GD.ZS,,,,,,,,,,,,,,,,,,,,,,,,,,,,,,,,,,,,13.42276821,8.553602234,9.479292857,13.70163251,,,,16.16084313,16.79084231,17.64535942,,,,,,,18.02201217,17.4832337,16.50327506,18.30194096,18.51578986,17.55717773,
Andorra,AND,Tax revenue (% of GDP),GC.TAX.TOTL.GD.ZS,,,,,,,,,,,,,,,,,,,,,,,,,,,,,,,,,,,,,,,,,,,,,,,,,,,,,,,,,,
United Arab Emirates,ARE,Tax revenue (% of GDP),GC.TAX.TOTL.GD.ZS,,,,,,,,,,,,,,,,,,,,,,,,,,,,,,,,,,,,,,0.992336344,1.075872392,1.122447005,,,,,,,,,,,,0.321413865,0.36378634,0.370450572,0.35572315,0.057734024,0.043494701,
Argentina,ARG,Tax revenue (% of GDP),GC.TAX.TOTL.GD.ZS,,,,,,,,,,,,,,,,,,,,,,,,,,,,,,,4.838513147,5.008236547,5.547922134,8.015138006,8.126437228,8.054357652,8.171787775,8.690086356,9.030526186,9.076124336,9.622603502,9.324898794,9.818958347,12.5187797,13.1007799,13.10317565,12.8788867,12.44826845,13.31784636,12.38304156,12.85304269,12.6636277,12.95284151,12.45290276,12.61096661,12.33650694,12.15550537,
Armenia,ARM,Tax revenue (% of GDP),GC.TAX.TOTL.GD.ZS,,,,,,,,,,,,,,,,,,,,,,,,,,,,,,,,,,,,,,,,,,,,,13.99640565,14.33566341,14.39598656,15.96253173,17.32175873,16.50586323,17.0700514,17.21941905,17.49164208,,21.59917455,20.93122083,21.27737528,
American Samoa,ASM,Tax revenue (% of GDP),GC.TAX.TOTL.GD.ZS,,,,,,,,,,,,,,,,,,,,,,,,,,,,,,,,,,,,,,,,,,,,,,,,,,,,,,,,,,
Antigua and Barbuda,ATG,Tax revenue (% of GDP),GC.TAX.TOTL.GD.ZS,,,,,,,,,,,,,,,,,,,,,,,,,,,,,,,,,,,,,,,,,12.65710571,14.70722438,16.05665823,16.58490296,17.20666,16.48779092,18.16990022,19.51182069,18.73907255,17.34652106,18.52558663,17.88094269,18.4728856,17.23873698,16.54203237,,,
Australia,AUS,Tax revenue (% of GDP),GC.TAX.TOTL.GD.ZS,,,,,,,,,,,,,17.87151755,17.04835629,18.08918466,19.90694536,20.33336137,20.56741281,20.43797012,19.80212217,20.44646179,21.49830709,21.62157544,21.74977526,21.04863471,22.54900709,22.61728585,23.26702348,23.17454144,22.6862935,22.47248313,22.37111587,20.68109242,20.01926165,20.04521817,21.21431474,21.92915453,22.43094161,22.27200615,22.48754036,23.08737567,24.83249759,23.53798629,24.33414769,24.36135152,24.86867126,24.62722917,24.14230356,24.29616487,22.09326537,20.56541596,20.36926388,21.23623731,22.05964996,22.027653,22.04280981,22.28929311,
Austria,AUT,Tax revenue (% of GDP),GC.TAX.TOTL.GD.ZS,,,,,,,,,,,,,17.88878555,18.19695085,18.39734099,18.01092541,17.86233238,17.99929309,18.77754986,18.55011641,18.5780047,18.94982574,18.19042046,18.03258877,18.96407744,18.10378406,17.97233671,17.72008411,18.56280078,17.80575181,17.98108328,18.16717858,18.92048054,18.93545576,18.34557306,24.60010617,25.94003601,26.79771217,26.88984546,26.6278222,26.22507988,27.96557199,26.97550032,26.64696993,26.30867249,25.51395546,25.05044256,25.39199432,26.07751972,25.22516524,25.28163551,25.42798528,25.92819764,26.41517309,26.42451741,26.77938724,25.66657247,
Azerbaijan,AZE,Tax revenue (% of GDP),GC.TAX.TOTL.GD.ZS,,,,,,,,,,,,,,,,,,,,,,,,,,,,,,,,,,,25.56070903,17.95407255,9.85031325,10.69387768,12.6792613,12.73352618,,,,,,,,,16.42117537,14.10670899,12.15777699,12.22476095,12.77863937,13.38833316,14.21253565,15.60316293,,
Burundi,BDI,Tax revenue (% of GDP),GC.TAX.TOTL.GD.ZS,,,,,,,,,,,,,,,,,,,,,,,,,,,,,,,,15.14266298,15.12278396,14.92891631,15.61605477,16.67820658,13.43899658,11.42036173,13.85429535,13.16564559,,,,,,,,,,,13.89198897,14.74165587,13.68091135,12.18157123,,,,
Belgium,BEL,Tax revenue (% of GDP),GC.TAX.TOTL.GD.ZS,,,,,,,,,,,,,,,,,,,,,,,,,,,,,,,,,,,,25.48599868,25.83036032,26.34749857,26.94690937,26.79739258,27.07979955,26.64002643,25.54322595,24.94918385,25.37625021,25.35331231,25.16964778,24.71096929,25.0875049,23.6206033,24.33392997,24.71130129,25.71000627,26.18783514,26.2629906,24.66737592,23.13602613,
Benin,BEN,Tax revenue (% of GDP),GC.TAX.TOTL.GD.ZS,,,,,,,,,,,,,,,,,,,,,,,,,,,,,,,,,,,,,,,,,,13.68722108,14.41254927,14.27134878,14.63589688,13.80928299,14.21312352,15.69439397,16.11566765,14.99409881,15.53359234,14.82327095,14.41349954,15.38427533,,,,
Burkina Faso,BFA,Tax revenue (% of GDP),GC.TAX.TOTL.GD.ZS,,,,,,,,,,,,,,,,,,,,,,,,,,,,,,,,,,,,,,,,,,,10.86615802,11.0910164,12.69900946,11.75281559,12.12247543,12.68569583,11.86432722,12.51525022,12.7204265,13.74683271,15.62609967,16.8171059,15.37169965,15.07492976,15.83588892,
Bangladesh,BGD,Tax revenue (% of GDP),GC.TAX.TOTL.GD.ZS,,,,,,,,,,,,,,,,,,,,,,,,,,,,,,,,,,,,,,,,,,6.611160271,6.691384191,6.965213904,7.046448418,7.135670039,7.043304058,6.917262669,7.656029883,7.498116263,7.834684749,8.685924706,9.02456269,8.962413316,8.635377737,8.498349389,8.765028663,
Bulgaria,BGR,Tax revenue (% of GDP),GC.TAX.TOTL.GD.ZS,,,,,,,,,,,,,,,,,,,,,,,,,,,,,,,23.83312845,22.33382461,16.90338645,15.21378387,21.23896499,17.81544252,16.64214623,14.94287277,16.57578311,17.05033488,17.15913176,17.27190335,15.41408085,19.92464113,21.21665639,20.46719041,21.11192974,22.88226869,22.17890096,19.03347085,18.45090429,17.7392303,18.97682483,19.82041134,19.55372736,20.20226078,20.04105072,
Bahrain,BHR,Tax revenue (% of GDP),GC.TAX.TOTL.GD.ZS,,,,,,,,,,,,,,,,,,,,,,,,,,,,,,,5.187374245,5.041193755,5.39072996,5.349562727,5.173401874,4.796762972,5.042932705,5.097809027,5.664272504,5.013055032,3.732774434,4.103637924,3.564633895,3.306810726,4.216838363,1.161845378,1.166156455,1.145097962,1.235816863,1.363166786,1.176228436,1.114154271,,1.069892855,,,,
"Bahamas, The",BHS,Tax revenue (% of GDP),GC.TAX.TOTL.GD.ZS,,,,,,,,,,,,,,14.50290654,16.74573055,16.30325394,17.24030525,15.90462833,16.25420471,15.26583477,14.96292968,14.60217315,13.50820503,14.1966759,13.27715448,13.58210943,13.70273003,,14.08495688,13.17439582,13.86291851,13.63799997,15.43261499,15.39456662,16.71678429,17.34616506,17.04904406,10.39523969,9.972501983,10.32367804,10.67868759,9.859542693,8.999094713,9.288519057,9.428334156,10.00170798,11.24833165,11.35886589,12.12136614,11.25206873,10.87690278,12.87831229,11.90844643,11.43762468,11.36726201,12.72396394,14.15882522,
Bosnia and Herzegovina,BIH,Tax revenue (% of GDP),GC.TAX.TOTL.GD.ZS,,,,,,,,,,,,,,,,,,,,,,,,,,,,,,,,,,,,,,,,,,,,,,19.88222191,21.68672856,21.39744969,20.30211318,18.94628629,19.68567609,20.30566528,20.47753979,19.75154464,19.77790156,19.93647719,19.9541372,
Belarus,BLR,Tax revenue (% of GDP),GC.TAX.TOTL.GD.ZS,,,,,,,,,,,,,,,,,,,,,,,,,,,,,,,,,20.54347826,26.63959391,24.75018266,19.88764693,18.79977481,20.73459095,17.11232894,16.67247619,16.6247345,15.75466424,14.20103832,17.68812191,18.3713469,20.14965628,22.22309662,23.72669873,25.35338921,19.25962841,16.32143837,14.50907256,14.66297503,13.35496285,12.69772453,14.17309447,13.78823561,
Belize,BLZ,Tax revenue (% of GDP),GC.TAX.TOTL.GD.ZS,,,,,,,,,,,,,,,,,,,,,,,,,,,,,,,21.40612517,20.71097425,19.93558572,19.52190577,19.91611802,18.75293079,19.5388471,19.65523146,19.69840163,17.40151093,17.82759422,18.70201498,19.29978478,19.17432106,19.6634102,21.30391276,21.78411154,22.92252421,21.6991117,22.48112271,23.59665208,22.56622302,22.45715073,23.33207871,23.42543819,,,
Bermuda,BMU,Tax revenue (% of GDP),GC.TAX.TOTL.GD.ZS,,,,,,,,,,,,,,,,,,,,,,,,,,,,,,,,,,,,,,,,,,,,,,,,,,,,,,,,,,
Bolivia,BOL,Tax revenue (% of GDP),GC.TAX.TOTL.GD.ZS,,,,,,,,,,,,,,,,,,,,,,,,,,8.258112941,8.019954351,7.949052639,7.280551571,7.094742942,7.23622456,7.932729699,8.899788616,9.516345517,10.04546839,9.722329464,12.29385246,12.62034606,13.54652906,12.03978514,12.3308029,11.78254596,13.18410509,12.97300023,15.01634882,16.21516419,16.81616822,16.9648658,,,,,,,,,,
Brazil,BRA,Tax revenue (% of GDP),GC.TAX.TOTL.GD.ZS,,,,,,,,,,,,,,,,,,,,,12.11338741,12.22892747,11.87154101,12.536462,10.30843258,10.56762864,10.83888428,10.09747096,9.830105077,9.930851062,12.00912428,9.529726486,9.733795399,10.50015032,11.64282051,,,10.19550483,11.9522879,13.16767827,13.77485584,14.55976349,15.7200793,15.24438358,15.75277073,16.52897053,15.38131147,15.77553387,15.49281368,14.41753155,13.62344738,14.22012315,13.65145753,13.44169026,12.76168689,12.82486326,12.8508409,
Barbados,BRB,Tax revenue (% of GDP),GC.TAX.TOTL.GD.ZS,,,,,,,,,,,,,,,,,,,,,,,,,,,,,,,,,,,,,,,,,,,,24.73968273,25.26213951,26.20104944,25.11140144,26.82197138,26.40955563,24.88995708,25.09151887,25.93406288,24.22759402,23.39379334,23.9660927,26.11659204,,
Brunei Darussalam,BRN,Tax revenue (% of GDP),GC.TAX.TOTL.GD.ZS,,,,,,,,,,,,,,,,,,,,,,,,,,,,,,,,,,,,,,,,,,,,,,,,,,,,,,,,,,
Bhutan,BTN,Tax revenue (% of GDP),GC.TAX.TOTL.GD.ZS,,,,,,,,,,,,,,,,,,,,,,,5.429695452,6.278334723,7.208049425,6.379291852,6.753702397,,5.970227521,5.191277127,4.41394271,4.952478019,5.048772651,6.233570391,5.924630112,6.6117056,7.530244676,6.538898393,8.013737704,7.015197896,10.01785033,8.527339576,9.249166293,9.365507829,7.682696858,8.346577891,9.030990682,7.51946727,8.41593234,9.235527025,13.14329652,13.50757775,14.70414816,14.37788345,13.33689264,13.77231067,13.16386929,
Botswana,BWA,Tax revenue (% of GDP),GC.TAX.TOTL.GD.ZS,,,,,,,,,,,,,,,,,,,,,,,,,,,,,,,27.50161294,25.55719349,27.84554007,23.68479922,19.91674392,16.76579585,14.93710789,,,,,,,,,,26.93255733,25.71281584,27.37420135,27.28605335,23.60443208,23.16800365,26.62445467,25.60989266,25.79128205,24.68757916,20.84763428,
Central African Republic,CAF,Tax revenue (% of GDP),GC.TAX.TOTL.GD.ZS,,,,,,,,,,,,,,,,,,,,,,,,,,,,,,,,,,,,,,,,,,,,,,,,,9.055747945,9.170847528,10.07205301,9.289376412,,,,,,
Canada,CAN,Tax revenue (% of GDP),GC.TAX.TOTL.GD.ZS,,,,,,,,,,,,,,,,,,,,,,,,,,,,,,,14.16312048,14.4495626,14.35716091,13.69687137,13.11451323,13.3295053,13.92401371,14.61596501,14.71916526,14.75057145,14.90738221,14.23159039,13.42525802,13.2757745,13.39032045,13.34214991,13.38728474,13.36941352,12.42102627,12.33554405,11.76044487,11.83153834,11.69256444,11.65239901,11.83636656,12.31598803,12.17584227,12.15291342
Switzerland,CHE,Tax revenue (% of GDP),GC.TAX.TOTL.GD.ZS,,,,,,,,,,,,,,,,,,,,,7.509693014,7.525481184,7.827330895,7.863137602,8.025193849,7.900915052,8.557086004,8.204254583,8.587306664,8.058247787,8.093884386,7.850519626,8.014187019,7.388247864,7.922784785,8.004037549,8.442040011,8.418192142,9.392100659,9.037787214,10.20461941,9.210830796,9.19319936,9.190743119,9.223924063,9.429327005,9.521761742,9.359673913,9.912922452,9.681537369,9.719225458,9.651738909,9.520371529,9.602815894,9.401768206,9.849472442,9.768210942,
Chile,CHL,Tax revenue (% of GDP),GC.TAX.TOTL.GD.ZS,,,,,,,,,,,,,16.22327115,17.4205001,16.33795193,20.6011544,18.39775425,18.75577342,18.68081482,17.9453589,19.04662355,20.12058615,19.75349856,18.84345471,20.0281873,18.13121158,17.97950397,16.80831626,14.37403174,13.94036449,13.30738435,15.22796307,15.74288974,16.31458996,15.62474421,15.10075395,16.17060719,15.92535405,15.85207689,15.17975701,16.15269282,16.03355182,16.20169514,15.94896337,16.40223152,18.02512363,19.49190685,20.25693262,18.71185961,14.5230955,17.3565144,18.85899085,18.99486687,17.3869727,16.96739149,17.43801408,17.41744114,
China,CHN,Tax revenue (% of GDP),GC.TAX.TOTL.GD.ZS,,,,,,,,,,,,,,,,,,,,,,,,,,,,,,,,,,,,,,,,,,,,,,8.569243858,9.057253983,9.76634573,10.092861,10.2927961,10.1895231,10.28412258,10.22284045,9.869762685,9.672442542,9.374282116,,
Cote d'Ivoire,CIV,Tax revenue (% of GDP),GC.TAX.TOTL.GD.ZS,,,,,,,,,,,,,,,,,,,,,,,,,,,,,,,18.01090743,,,,,18.81907459,,,,,,14.31030335,14.63369618,13.3776189,14.19479364,13.88408806,14.65785867,15.05841675,15.05350275,14.59903171,14.32551466,10.93161991,14.25743248,14.54269745,13.97364016,15.44802829,15.24649541,
Cameroon,CMR,Tax revenue (% of GDP),GC.TAX.TOTL.GD.ZS,,,,,,,,,,,,,,,,,,,,,,,,,,,,,,,,,,,,,,,,,,,,,,,,,,,,,,,,,,
"Congo, Dem. Rep.",COD,Tax revenue (% of GDP),GC.TAX.TOTL.GD.ZS,,,,,,,,,,,,,,,,,,,,,,,,,,,,,,,9.290676114,4.144,2.726873823,3.408089401,2.65117845,4.931615769,4.760047119,4.053750051,5.349763314,3.459796738,0.779702331,2.752459063,4.235473727,4.040197901,5.276738972,5.920611298,6.828222392,6.992189786,8.966883509,7.892170866,8.350447756,,,,,,,
"Congo, Rep.",COG,Tax revenue (% of GDP),GC.TAX.TOTL.GD.ZS,,,,,,,,,,,,,16.79227053,15.4718543,24.99645138,20.37712895,,,,,25.43007769,,,,,,,,,,,,14.69603297,11.73529799,8.275988436,11.24313577,11.13103024,7.618204618,10.90253021,7.771337887,,9.215640922,8.361449231,8.702773947,7.849247686,6.243112413,5.790827685,6.602597478,5.94611196,8.404951327,7.595977083,8.855221441,9.428703468,,,,,
Colombia,COL,Tax revenue (% of GDP),GC.TAX.TOTL.GD.ZS,,,,,,,,,,,,,,,,,,,,,,,,,,,,,,,,,,,,,,,13.74373215,13.47692128,11.21975419,,,11.25882686,,,,,12.93561105,12.59804279,12.12291329,14.55540092,13.27213342,14.09308371,14.9814436,15.09516722,13.32623872,
Comoros,COM,Tax revenue (% of GDP),GC.TAX.TOTL.GD.ZS,,,,,,,,,,,,,,,,,,,,,,,,,,,,,,,,,,,,,,,,,,,,,,,,,,,,,,,,,,
Cabo Verde,CPV,Tax revenue (% of GDP),GC.TAX.TOTL.GD.ZS,,,,,,,,,,,,,,,,,,,,,,,,,,,,,,,,,,,,,,,,,,,,,,21.07697136,22.74444386,20.90676315,21.28379768,18.42064171,,,17.88198499,,,,,
Costa Rica,CRI,Tax revenue (% of GDP),GC.TAX.TOTL.GD.ZS,,,,,,,,,,,,,11.44136907,12.49704782,13.620164,12.43707088,12.1882799,12.3050282,12.65156228,11.8839706,11.61681397,12.38120078,12.65574835,12.04338596,11.72651219,10.84507637,10.69465996,11.20148191,11.18866334,10.48059802,10.07359341,10.62663054,12.02633135,12.09277326,11.64091355,12.31429735,12.7082563,12.67600028,12.88681981,13.18856952,12.89477945,13.41377061,13.42806586,13.64479506,13.41778746,13.6985432,13.91075261,14.93464546,15.32646268,13.26216038,13.08808511,13.36523403,13.31919766,13.74171499,13.41665899,13.65709835,13.95135206,
Cuba,CUB,Tax revenue (% of GDP),GC.TAX.TOTL.GD.ZS,,,,,,,,,,,,,,,,,,,,,,,,,,,,,,,,,,,,,,,,,,,,,,,,,,,,,,,,,,
Cayman Islands,CYM,Tax revenue (% of GDP),GC.TAX.TOTL.GD.ZS,,,,,,,,,,,,,,,,,,,,,,,,,,,,,,,,,,,,,,,,,,,,,,,,,,,,,,,,,,
Cyprus,CYP,Tax revenue (% of GDP),GC.TAX.TOTL.GD.ZS,,,,,,,,,,,,,,,,13.38910416,12.12039578,13.23091413,13.5794674,14.19974579,14.78758357,13.79337865,14.24138954,15.40599949,16.13204632,16.55646917,16.70123085,16.33131155,17.38664219,18.35703743,30.80590284,29.01243177,30.86814909,33.24434306,35.54473205,31.8390403,30.83061942,29.1048281,30.97791021,31.84830586,34.8441151,35.80245184,35.99333037,37.53868279,37.07880513,39.01476282,40.86553417,48.34416437,46.05474684,23.2516668,23.24723438,23.29875172,23.3415599,23.41335685,24.53098109,24.09593056,24.32557042,
Czech Republic,CZE,Tax revenue (% of GDP),GC.TAX.TOTL.GD.ZS,,,,,,,,,,,,,,,,,,,,,,,,,,,,,,,,,,18.8647223,16.75560545,16.3390898,15.38786433,15.17936413,14.43578028,14.94012933,14.51693772,14.80355362,14.61554927,15.05549779,15.49079755,14.36541844,14.08293332,14.50234459,13.44185569,13.36082326,13.44956068,14.31395809,14.68783067,14.94643408,14.17155545,14.55582215,14.65863858,
Germany,DEU,Tax revenue (% of GDP),GC.TAX.TOTL.GD.ZS,,,,,,,,,,,,,10.82506092,10.96086611,10.51500995,10.08302773,10.20896071,10.53070957,10.53311266,10.41930126,10.32161956,10.09493194,9.831625343,9.787434645,10.22956262,10.23570846,9.975626997,10.12293532,9.853756441,10.28965366,9.869626192,11.67388277,11.80060402,11.47579423,11.67312284,11.45196116,10.87301175,10.69910375,10.81576431,11.479408,11.66384752,10.92510953,10.78197068,10.95640698,10.38910077,10.59881957,10.81462446,11.27234674,11.39089057,11.55803404,11.115788,11.44177839,11.57120794,11.55000991,11.48062896,11.36815994,11.2420604,
Djibouti,DJI,Tax revenue (% of GDP),GC.TAX.TOTL.GD.ZS,,,,,,,,,,,,,,,,,,,,,,,,,,,,,,,,,,,,,,,,,,,,,,,,,,,,,,,,,,
Dominica,DMA,Tax revenue (% of GDP),GC.TAX.TOTL.GD.ZS,,,,,,,,,,,,,,,,,,,,,,,,,,,,,,,,,,,,,,,,,20.08196663,17.58377362,17.76747313,18.9897596,20.28890692,22.94,23.51043643,25.09416244,24.84008137,24.27639758,24.59572637,23.05780347,23.02802625,22.37755227,22.09424237,,,
Denmark,DNK,Tax revenue (% of GDP),GC.TAX.TOTL.GD.ZS,,,,,,,,,,,,,29.00730262,28.92176111,29.10847054,26.71837781,26.48583654,27.07075101,28.13561766,28.60341926,28.52584891,28.04777894,27.09919266,27.80649733,29.01038833,30.50282022,32.74337152,32.22171301,32.44583747,31.39665634,29.72461215,29.1293817,29.48600996,30.84808706,31.56029583,31.66081836,31.87981147,31.7470372,32.0466143,31.92656427,31.59410722,30.16720062,30.11719024,30.14078292,31.2922103,33.07177122,31.86029508,35.09300714,33.42153908,33.18382968,32.73722946,32.75348241,33.4464027,33.81975325,36.5002915,33.94594664,33.73910072,
Dominican Republic,DOM,Tax revenue (% of GDP),GC.TAX.TOTL.GD.ZS,,,,,,,,,,,,,13.85296634,13.43882004,14.42097348,16.08090417,13.26365372,12.53733241,11.25586461,11.03149758,10.50972688,10.10595872,8.282269904,9.044305161,10.12642328,9.691245651,11.28189611,11.2446212,11.70088678,12.38459241,10.29679048,7.590817698,10.87033538,11.15446274,10.53415802,10.57462484,10.34434253,11.40878793,11.43166966,11.52929548,12.16441366,13.38050699,13.21672761,11.74514298,12.52188432,13.69816112,13.99475989,14.88626837,14.16105352,12.63590935,12.20740113,12.29762551,13.02648297,13.50353563,13.61038485,13.24999603,13.50684437,
Algeria,DZA,Tax revenue (% of GDP),GC.TAX.TOTL.GD.ZS,,,,,,,,,,,,,,,,,,,,,,,,,,,,,,,,,,,26.69379806,28.59951727,30.60700381,31.60844644,25.02681415,27.01774583,36.92818899,32.04551099,31.52490498,27.58205313,26.80399614,30.76546966,40.75039302,37.43101186,45.25293537,35.14290262,34.40276881,37.18473614,,,,,,
Ecuador,ECU,Tax revenue (% of GDP),GC.TAX.TOTL.GD.ZS,,,,,,,,,,,,,,,,,,,,,,,,,,,,,,,,,,,,,,,,,,,,,,,,,,,,,,,,,,
"Egypt, Arab Rep.",EGY,Tax revenue (% of GDP),GC.TAX.TOTL.GD.ZS,,,,,,,,,,,,,,,,20.87006556,17.273673,25.10786194,23.01173998,21.13341138,,24.82101688,23.44449178,23.20231654,20.44976108,19.42532946,18.76368717,14.55205496,14.32261273,13.87660746,13.18837469,14.90412065,18.48023005,18.76417526,19.04742857,17.62303922,17.46294682,15.96464836,,,,,13.4077593,13.34994012,13.83597775,14.0686351,15.82951271,15.34985231,15.32052485,15.66136058,14.13007625,14.0086354,12.38490476,13.49806493,12.22014085,12.5192111,,
Eritrea,ERI,Tax revenue (% of GDP),GC.TAX.TOTL.GD.ZS,,,,,,,,,,,,,,,,,,,,,,,,,,,,,,,,,,,,,,,,,,,,,,,,,,,,,,,,,,
Spain,ESP,Tax revenue (% of GDP),GC.TAX.TOTL.GD.ZS,,,,,,,,,,,,,8.983202591,9.346240322,8.604191324,8.786012752,9.046360315,8.924648645,9.52536735,9.696494955,9.696534475,9.995230842,9.252777072,10.66741562,10.6184703,12.6194591,14.46931043,15.60794643,15.43889477,16.77351112,15.75359564,15.81994096,16.06509665,14.9225371,15.14791234,15.90836358,16.34985819,15.66859506,15.8349006,16.10439564,16.23226306,15.85783557,15.00371019,14.62739212,14.96261986,15.65864216,16.12144758,16.72491018,13.25736299,11.00743986,12.96645959,12.44776725,12.23833086,13.99444083,14.25247153,14.43058228,13.84773835,
Estonia,EST,Tax revenue (% of GDP),GC.TAX.TOTL.GD.ZS,,,,,,,,,,,,,,,,,,,,,,,,,,,,,,,,,,,,1.502834112,1.408153619,1.428395826,1.427247469,1.344333888,1.258353153,1.230335215,1.262728908,1.272490322,1.302400565,1.229509353,1.280085277,1.304810589,1.241154947,1.374082009,1.269097089,1.230617685,1.273875314,1.287457171,1.344911137,1.404151649,1.433560673,
Ethiopia,ETH,Tax revenue (% of GDP),GC.TAX.TOTL.GD.ZS,,,,,,,,,,,,,,,,,,,,,,,,,,,,,,,8.639189666,7.450608324,5.600781003,5.91191031,7.678250936,8.429521526,8.952488388,10.52276441,11.26214538,10.88481898,,8.083871673,9.709831679,9.116895507,9.680762203,8.724416385,8.262845855,7.812529666,7.814144254,6.581181381,8.16344108,9.209358617,9.377594715,8.764725377,,,,
Fragile and conflict affected situations,FCS,Tax revenue (% of GDP),GC.TAX.TOTL.GD.ZS,,,,,,,,,,,,,,,,,,,,,,,,,,,,,,,,,,,,,,,,,,,,,,,,,,,,,,,,,,
Finland,FIN,Tax revenue (% of GDP),GC.TAX.TOTL.GD.ZS,,,,,,,,,,,,,21.74936567,21.98738845,21.33243522,22.1430188,24.68373448,24.20252726,22.40203851,21.17203895,21.44218796,22.51159236,22.14782617,22.31982943,22.72225237,23.46176126,23.95645878,22.654269,24.1794522,24.63738114,24.40489789,24.42169458,24.86347655,22.40884245,23.10378987,20.70058038,21.91575152,22.63080785,22.72628051,22.38583787,24.27304952,21.91870989,22.49674622,22.08433123,21.85112035,21.83262667,21.45538601,21.12024611,20.54968484,18.95773605,18.7049706,20.13267706,20.2609701,20.74329442,20.77440455,20.67899468,21.00077396,
Fiji,FJI,Tax revenue (% of GDP),GC.TAX.TOTL.GD.ZS,,,,,,,,,,,,,,,,,,,,,,,,,,,,,,,22.75707071,21.87169442,21.60100769,21.41066825,21.49565933,22.20614241,21.2021419,,,,,,,,22.19001559,21.34806423,23.18702332,,,,21.77904686,23.02285286,23.23332967,23.64554489,24.61781082,25.48247327,,
France,FRA,Tax revenue (% of GDP),GC.TAX.TOTL.GD.ZS,,,,,,,,,,,,,18.67533827,17.84425111,18.8734544,17.72182016,18.83999014,18.24079445,18.25723641,18.83168971,19.29191915,19.36757322,19.60021256,19.44421465,19.56741343,19.65146058,19.65976909,19.87064584,19.21244995,18.90600144,18.73424732,18.91822615,18.46669257,18.38407657,19.08411698,19.40911438,20.32411644,21.03812181,22.98187139,23.5791032,23.3531383,23.34728904,22.54241483,22.09023798,22.14576246,22.29321509,22.56963852,22.14653645,22.03425049,20.70839931,21.95195784,21.8327229,22.55348036,23.23330605,23.17960335,23.18170405,23.14513176,
Faroe Islands,FRO,Tax revenue (% of GDP),GC.TAX.TOTL.GD.ZS,,,,,,,,,,,,,,,,,,,,,,,,,,,,,,,,,,,,,,,,,,,,,,,,,,,,,,,,,,
"Micronesia, Fed. Sts.",FSM,Tax revenue (% of GDP),GC.TAX.TOTL.GD.ZS,,,,,,,,,,,,,,,,,,,,,,,,,,,,,,,,,,,,,,,,,,,,,,,,,4.292526761,4.401007691,4.667719078,4.976854907,4.908601114,5.486844728,12.59423508,5.440767283,6.046613838,
Gabon,GAB,Tax revenue (% of GDP),GC.TAX.TOTL.GD.ZS,,,,,,,,,,,,,,,,,,,,,,,,,,,,,,,,,,,,,,,,,,,,,,,,,,,,,,,,,,
United Kingdom,GBR,Tax revenue (% of GDP),GC.TAX.TOTL.GD.ZS,,,,,,,,,,,,,23.01848532,21.07158307,23.74607351,24.26560756,23.80069525,23.32577445,22.15422207,21.90377871,23.87606593,24.6394262,25.86613933,24.6485305,24.7776311,25.13357342,24.50068363,23.15879508,22.99074992,22.76227158,24.1512946,24.84713704,24.28031599,22.98109177,23.79709499,23.38854169,23.24288589,23.78131667,25.12460415,25.67968436,26.22898439,25.84914018,25.00834829,24.59341763,25.22206473,25.54735838,25.73855347,25.90967515,26.54624867,24.22741276,25.38760929,26.06182518,25.23793559,25.22518564,24.92093353,25.15972314,25.5971163,
Georgia,GEO,Tax revenue (% of GDP),GC.TAX.TOTL.GD.ZS,,,,,,,,,,,,,,,,,,,,,,,,,,,,,,,,,,,,,,8.333833341,7.241986509,7.90305227,7.651756514,7.35241444,7.616657989,7.03285233,9.927429099,12.11002282,15.44823911,17.7153065,23.80935867,23.13861061,22.13912823,23.83340122,24.11828496,23.42018492,23.48846295,23.77410773,23.47094706,
Ghana,GHA,Tax revenue (% of GDP),GC.TAX.TOTL.GD.ZS,,,,,,,,,,,,,,,,,,,,,,,,,,,,,,,,,,,,,,,,,,,,,,,,,,,13.67768785,,,,,,,
Gibraltar,GIB,Tax revenue (% of GDP),GC.TAX.TOTL.GD.ZS,,,,,,,,,,,,,,,,,,,,,,,,,,,,,,,,,,,,,,,,,,,,,,,,,,,,,,,,,,
Guinea,GIN,Tax revenue (% of GDP),GC.TAX.TOTL.GD.ZS,,,,,,,,,,,,,,,,,,,,,,,,,,,,,,,,,,,,,,,,,,,,,,,,,,,,,,,,,,
"Gambia, The",GMB,Tax revenue (% of GDP),GC.TAX.TOTL.GD.ZS,,,,,,,,,,,,,,,,,,,,,,,,,,,,,,,18.20477998,8.746332472,9.557741512,10.81569281,,,,,,,,4.203636894,4.867506871,5.583837732,7.848800414,7.214622113,7.976067446,13.02954054,14.67829982,15.12564071,,,,,,,,
Guinea-Bissau,GNB,Tax revenue (% of GDP),GC.TAX.TOTL.GD.ZS,,,,,,,,,,,,,,,,,,,,,,,,,,,,,,,,,,,,,,,,,,,,,,,,,,,,,,,,,,
Equatorial Guinea,GNQ,Tax revenue (% of GDP),GC.TAX.TOTL.GD.ZS,,,,,,,,,,,,,,,,,,,,,,,,,,,,,,,,,,,,,,,,,,,,,,,9.668882886,7.546688154,7.786359889,12.76309665,7.586159224,7.015790112,8.742218676,8.516349943,8.298900808,11.46403756,,
Greece,GRC,Tax revenue (% of GDP),GC.TAX.TOTL.GD.ZS,,,,,,,,,,,,,12.90268281,12.48364291,12.63641015,12.70294236,14.09975026,13.96490977,14.2863228,13.896055,13.7711688,12.32282929,14.93487071,15.59785012,13.97016197,13.81211862,15.59258362,16.35545701,15.09763665,13.00029732,15.12129074,,,,,18.58084125,18.63608847,19.52190172,20.52808211,21.43304626,22.47052181,20.93777286,21.26687719,19.70767671,19.1347301,20.32650577,19.97920072,20.24284254,20.21361262,19.77568016,20.21400144,22.07373244,23.60359707,23.73981999,24.3814275,24.93818041,26.69701293,
Grenada,GRD,Tax revenue (% of GDP),GC.TAX.TOTL.GD.ZS,,,,,,,,,,,,,,,,,,,,,,,,,,,,,,,,18.51125976,17.56796841,19.000759,17.98469564,18.63907074,,,,17.82660903,18.88229195,18.1162914,17.98671981,18.69340787,17.27880253,18.31616685,19.08217576,19.66514499,19.45062582,18.24468884,18.72916694,19.17057068,18.66852612,18.41629779,19.42926128,,,
Greenland,GRL,Tax revenue (% of GDP),GC.TAX.TOTL.GD.ZS,,,,,,,,,,,,,,,,,,,,,,,,,,,,,,,,,,,,,,,,,,,,,,,,,,,,,,,,,,
Guatemala,GTM,Tax revenue (% of GDP),GC.TAX.TOTL.GD.ZS,,,,,,,,,,,,,,,,,,,,,,,,,,,,,,,6.86521167,7.325686438,8.313948701,7.81982717,6.765227236,7.714731243,8.529663739,8.697669273,9.371933975,10.24715093,10.06497645,10.86302512,11.88054915,11.67385578,11.55273704,11.20539142,11.85697131,12.05936254,11.27383218,10.33553808,10.43527966,10.83780126,10.83596051,10.9261207,10.81807024,10.21308967,10.39394223,
Guam,GUM,Tax revenue (% of GDP),GC.TAX.TOTL.GD.ZS,,,,,,,,,,,,,,,,,,,,,,,,,,,,,,,,,,,,,,,,,,,,,,,,,,,,,,,,,,
Guyana,GUY,Tax revenue (% of GDP),GC.TAX.TOTL.GD.ZS,,,,,,,,,,,,,,,,,,,,,,,,,,,,,,,,,,,,,,,,,,,,,,,,,,,,,,,,,,
"Hong Kong SAR, China",HKG,Tax revenue (% of GDP),GC.TAX.TOTL.GD.ZS,,,,,,,,,,,,,,,,,,,,,,,,,,,,,,,,,,,,,,,,,,,,,,,,,,,,,,,,,,
Honduras,HND,Tax revenue (% of GDP),GC.TAX.TOTL.GD.ZS,,,,,,,,,,,,,10.67247887,10.82739785,11.12131464,11.08540925,11.6617215,13.09374103,12.68204231,12.80923857,13.63016341,12.39758822,,,,,,,,,,,,,,,,,,,,,,13.74646578,14.49585933,14.53495396,15.23835608,16.38500055,16.13051598,14.16197019,14.4250984,14.78797879,14.74747232,15.06324191,16.54263824,17.34447206,,
Croatia,HRV,Tax revenue (% of GDP),GC.TAX.TOTL.GD.ZS,,,,,,,,,,,,,,,,,,,,,,,,,,,,,,,,,,,,22.78130074,22.65221159,21.80455157,24.99658837,23.03830761,22.15867684,20.84307151,21.34956544,20.61780421,19.8640595,19.78193204,19.85789898,19.92957091,20.0103542,19.24031472,19.10865463,18.4270612,19.54941389,19.02531469,19.12356354,,,
Haiti,HTI,Tax revenue (% of GDP),GC.TAX.TOTL.GD.ZS,,,,,,,,,,,,,,,,,,,,,,,,,,,,,,,,,,,,,,,,,,,,,,,,,,,,,,,,,,
Hungary,HUN,Tax revenue (% of GDP),GC.TAX.TOTL.GD.ZS,,,,,,,,,,,,,,,,,,,,,,,,,,,,,,,,25.55325167,24.07793127,25.01413307,24.19830954,23.05708738,22.7908207,20.79605628,20.63492549,21.60238074,22.19916534,21.26238088,20.74522526,20.61046502,20.36215533,19.91096141,19.78170634,21.38955696,23.25006628,23.32356996,22.84823001,21.13499065,22.89203415,22.74488209,22.97457639,23.42140615,23.35318823,
Indonesia,IDN,Tax revenue (% of GDP),GC.TAX.TOTL.GD.ZS,,,,,,,,,,,,,12.44522349,13.81526342,15.9693687,16.55526992,17.89004765,17.72159889,17.89325596,20.28389965,21.77983836,21.94643419,20.05614379,18.82286533,17.48438914,18.75089737,14.62076982,15.0836946,15.08393805,15.95720183,19.13708376,17.18969691,17.1229527,14.35642033,15.94841919,14.96477227,14.23480194,16.01184841,15.02758818,16.31583561,,11.57818458,11.82695959,12.38553206,12.3307679,,,,13.31061783,11.05778652,10.53748506,11.15812785,11.38058994,11.28530146,10.83552375,10.75348778,10.33214511,
India,IND,Tax revenue (% of GDP),GC.TAX.TOTL.GD.ZS,,,,,,,,,,,,,,,8.291728103,9.146512492,9.305974716,8.713325305,9.428039535,9.820043045,9.148102533,9.338257677,9.394438131,9.39380575,9.432362536,10.21163631,10.56828412,10.54902836,10.49675916,10.60987457,10.12870287,10.30843138,9.937793289,8.650628375,9.103203887,9.351569628,9.356276414,9.131027886,8.222831687,8.755088221,8.929254982,8.188687151,8.793575525,9.231223911,9.70021273,10.22400751,11.370511,12.26584845,11.08762174,9.942698429,10.50717095,10.1773872,10.83677172,11.00162569,,,,
Ireland,IRL,Tax revenue (% of GDP),GC.TAX.TOTL.GD.ZS,,,,,,,,,,,,,21.83383927,22.14277773,21.97095415,21.27014576,23.63663487,22.506077,22.08292526,21.9379667,24.19790182,25.28394788,26.35286198,27.50231961,28.0858136,27.17303563,27.32082184,27.41521712,28.7168669,25.79825735,25.32958426,25.59856873,25.90136635,25.80962337,27.02413932,26.49554067,27.17918818,26.88281313,26.52934318,26.69698875,26.37731219,24.23483089,23.51811735,24.16379442,25.0865904,25.47529978,26.80769649,25.91964959,23.73929975,21.98629134,21.81542606,21.82224372,22.47764069,22.80055029,23.16472596,18.86715192,18.78235827,
"Iran, Islamic Rep.",IRN,Tax revenue (% of GDP),GC.TAX.TOTL.GD.ZS,,,,,,,,,,,,,8.265513269,7.547810911,5.417790964,8.194078453,7.562058504,8.216323008,8.870858569,5.993374742,5.170284876,6.9790356,5.922931727,6.033980969,6.437096596,7.329809638,6.784250891,6.005338425,5.434552423,5.369750444,5.572236546,6.161890812,6.881180646,3.860245992,4.371236116,6.220798678,7.94631514,10.1579621,8.644376054,8.327823337,5.861282096,5.746903558,4.994377712,5.20132535,5.195323352,6.657593715,6.21768141,5.93768769,6.197809288,7.358478041,,,,,,,,
Iraq,IRQ,Tax revenue (% of GDP),GC.TAX.TOTL.GD.ZS,,,,,,,,,,,,,,,,,,,,,,,,,,,,,,,,,,,,,,,,,,,,,,,,,,,,,,,0.890475146,1.226570101,2.018598977,
Iceland,ISL,Tax revenue (% of GDP),GC.TAX.TOTL.GD.ZS,,,,,,,,,,,,,23.16126155,23.21764346,24.12873484,23.22642014,22.09761096,21.06080012,21.46691788,22.22724389,21.53060576,22.89073412,23.29580852,20.88262666,21.25965988,20.40676412,20.60920553,21.00501342,22.64128438,23.79415404,23.86099668,23.20062724,23.50923341,22.8447853,22.5894402,22.85188726,23.75206514,22.05739888,24.09703288,26.04820474,25.38263769,23.03965775,22.86434665,23.91328189,24.95126905,27.42436742,27.41233724,26.16778484,23.19017849,20.08021674,20.65521818,21.18959383,22.08748319,22.65697065,25.28971521,23.45944788,38.51883998,
Israel,ISR,Tax revenue (% of GDP),GC.TAX.TOTL.GD.ZS,,,,,,,,,,,,,25.65125691,24.28953121,30.61052696,30.39414696,33.76848001,35.12671531,33.19171535,37.75830962,35.88003081,34.37590914,38.98409461,38.96569719,37.42893499,35.16083992,34.19281813,31.47434951,29.7203947,27.87260709,26.85210744,20.1230442,26.66254821,27.02000741,27.49659853,27.04793597,26.34557439,26.62003988,25.68563818,25.55103079,27.12283301,26.68215318,25.72503607,24.98244027,24.84634359,25.36245461,26.08556904,26.05636649,23.78697013,21.85841198,22.53328499,22.72831056,22.1215301,22.95054222,23.29141411,23.37929254,23.37305934,
Italy,ITA,Tax revenue (% of GDP),GC.TAX.TOTL.GD.ZS,,,,,,,,,,,,,,12.59214258,13.5428428,12.75590002,14.11996024,14.95878342,15.6736828,15.83207322,17.42573167,17.84319667,19.45245786,21.19826071,21.02518773,20.4636096,22.24978332,21.56346748,23.31731997,24.02692825,24.25774581,24.89062703,25.58219014,26.36189467,25.1770518,23.18363944,23.07211928,24.56450737,23.4775973,23.9270983,22.51138436,22.28117511,21.67998643,21.47392957,20.96753803,20.75261516,22.12404811,22.37674014,21.89233985,22.43530221,22.26324536,22.30059686,23.6317654,23.72804522,23.52198804,23.41690536,23.6595645,
Jamaica,JAM,Tax revenue (% of GDP),GC.TAX.TOTL.GD.ZS,,,,,,,,,,,,,,,,,,,,,,,,,,,,,10.28443833,11.06245059,11.9538176,10.60282079,10.53428318,8.803738731,9.377531241,21.74404001,20.10919957,19.91409421,20.85185729,21.89223451,22.49466254,21.41481302,21.85901019,24.07110007,24.16749731,23.21597284,24.01438994,24.78654643,24.68475662,24.95599363,24.28017264,23.37231793,24.34397088,24.02868836,24.05582026,24.83422285,26.0640714,
Jordan,JOR,Tax revenue (% of GDP),GC.TAX.TOTL.GD.ZS,,,,,,,,,,,,,,,,,,,,,,,,,,,,,,,,,,,,,,,,,,,,,,,,,17.76954781,17.04433584,15.97855719,15.0230114,15.29400665,15.32893204,,,,
Japan,JPN,Tax revenue (% of GDP),GC.TAX.TOTL.GD.ZS,,,,,,,,,,,,,10.49696523,11.69104007,11.28771453,9.353491528,9.130877353,9.162325615,9.253830231,9.945268975,10.53000745,10.97977277,10.96142005,10.85695109,11.13029638,11.4448913,11.31142806,12.14666957,12.45397461,12.4177461,12.94728825,13.13318922,11.62717415,11.59076179,11.07304595,10.95823033,10.81457851,10.65163323,10.06753658,9.773313592,10.37225701,9.895928337,9.061598934,8.91896344,9.352694056,10.13701108,10.51274133,10.10618629,8.931591654,8.36891038,8.809784435,9.356818207,9.682412944,10.36061765,11.46920658,11.4092707,11.10336454,
Kazakhstan,KAZ,Tax revenue (% of GDP),GC.TAX.TOTL.GD.ZS,,,,,,,,,,,,,,,,,,,,,,,,,,,,,,,,,,,,,,6.787220587,7.294793896,7.745369934,10.22139507,9.642300653,12.13435978,13.08323765,13.90867797,,,,,,15.71238046,18.25783421,13.31209815,16.03017776,14.19343274,9.835711552,9.924756442,
Kenya,KEN,Tax revenue (% of GDP),GC.TAX.TOTL.GD.ZS,,,,,,,,,,,,,,,,,,,,,,,,,,,,,,,,,,,,,,,,,,,,,,,,,,,,,,,16.87697939,16.25663539,15.79844798,
Kyrgyz Republic,KGZ,Tax revenue (% of GDP),GC.TAX.TOTL.GD.ZS,,,,,,,,,,,,,,,,,,,,,,,,,,,,,,,,,,,,,,,,,,,,,,,,,,,,,,17.56692274,17.54865309,16.80166806,16.94917318,
Cambodia,KHM,Tax revenue (% of GDP),GC.TAX.TOTL.GD.ZS,,,,,,,,,,,,,,,,,,,,,,,,,,,,,,,,,,,,,,,,,,,8.172911274,7.537844416,8.117265035,7.893242769,8.178822069,9.696979265,10.55519636,9.64778105,10.00304014,10.15469287,11.08248635,12.07885296,14.62663089,14.16823803,15.26110804,
Kiribati,KIR,Tax revenue (% of GDP),GC.TAX.TOTL.GD.ZS,,,,,,,,,,,,,,,,,,,,,,,,,,,,,,,,,,,,,,,,,,,,,,,,,,,16.00257954,18.08311567,18.53031099,17.84295362,17.82467756,22.34567938,24.47868704,
"Korea, Rep.",KOR,Tax revenue (% of GDP),GC.TAX.TOTL.GD.ZS,,,,,,,,,,,,,11.17423353,10.50149633,11.61182249,13.26022599,14.52141093,14.2006339,14.63048144,14.82980487,14.75755802,14.75549428,14.80690696,14.92685441,14.02596602,13.6371556,13.38764064,13.6234047,13.55281405,13.01508091,13.61220319,12.72494822,12.92982624,12.705689,12.91092958,13.23628188,13.50145321,13.18532712,12.9267388,13.11519957,14.63112487,13.92003864,13.64515711,14.14009836,13.446495,13.85802067,14.28949254,15.47643564,15.1477747,14.28674756,14.04546126,14.43565579,14.7179218,14.31121469,13.92590169,13.94804577,14.82501283,
Kuwait,KWT,Tax revenue (% of GDP),GC.TAX.TOTL.GD.ZS,,,,,,,,,,,,,37.43169399,37.2171311,32.67768247,,,4.615802221,7.597964496,2.178426333,2.699909503,3.73615037,3.444779017,3.23829933,3.128614104,1.938002524,2.095021769,1.267380316,1.229820571,1.175992911,1.545070847,0.255607395,0.08581481,1.092624066,1.422764285,1.146167119,0.965076951,1.173084234,1.49232966,,,1.037286235,1.182053494,1.324735403,1.324427699,1.029966515,0.970478453,1.08652282,0.875820293,0.971192335,0.979470421,0.799781707,0.716305914,0.777452265,0.890139117,1.380778748,,
Lao PDR,LAO,Tax revenue (% of GDP),GC.TAX.TOTL.GD.ZS,,,,,,,,,,,,,,,,,,,,,,,,,,,,,,,,,,,,,,,,,,,,,,,,,12.10294002,12.75716617,13.02713909,13.14641218,13.60534126,13.73883384,13.83018194,13.50618853,12.94309938,
Lebanon,LBN,Tax revenue (% of GDP),GC.TAX.TOTL.GD.ZS,,,,,,,,,,,,,,,,,,,,,,,,,,,,,,,,,,,,,,11.93272577,12.6332288,13.3726881,11.90122982,11.8780772,14.43059019,15.37671346,16.66983223,15.31757502,15.16414876,15.096278,16.3574812,16.8194666,16.85512205,16.31662718,15.24938157,14.33080465,14.18678982,13.59301775,13.94762057,
Liberia,LBR,Tax revenue (% of GDP),GC.TAX.TOTL.GD.ZS,,,,,,,,,,,,,,,,,,,,,,,,,,,,,,,,,,,,,,,,,,,,,,13.18723144,13.40593935,18.95104077,19.98320257,,17.31874305,17.29959337,20.86524319,20.34031373,,,,
Libya,LBY,Tax revenue (% of GDP),GC.TAX.TOTL.GD.ZS,,,,,,,,,,,,,,,,,,,,,,,,,,,,,,,,,,,,,,,,,,,,,,,,,,,,,,,,,,
Liechtenstein,LIE,Tax revenue (% of GDP),GC.TAX.TOTL.GD.ZS,,,,,,,,,,,,,,,,,,,,,,,,,,,,,,,,,,,,,,,,,,,,,,,,,,,,,,,,,,
Sri Lanka,LKA,Tax revenue (% of GDP),GC.TAX.TOTL.GD.ZS,,,,,,,,,,,,,,,,,,,,,,,,,,,,,,,19.02083385,18.30479797,17.95345687,17.4699989,17.16797563,17.75201716,16.95069051,16.00769203,14.47642698,15.01207545,14.50276551,14.62550039,14.02036178,12.71067585,13.46596896,13.73252902,14.57725918,14.22160859,13.27733443,12.80032048,11.30003139,11.2563938,10.40841513,10.48662314,10.13750624,12.37995191,12.29293181,
Lesotho,LSO,Tax revenue (% of GDP),GC.TAX.TOTL.GD.ZS,,,,,,,,,,,,,,,,,,,,,,,,,,,,,,,,,,,,,,,,,,,,32.96783383,37.83260568,37.37624671,48.01171841,49.34963483,51.16013707,58.40778941,37.26300276,34.7531265,48.03282042,45.93159134,45.17869088,40.58724696,34.20184762,36.38706689
Lithuania,LTU,Tax revenue (% of GDP),GC.TAX.TOTL.GD.ZS,,,,,,,,,,,,,,,,,,,,,,,,,,,,,,,,,,,,5.738928967,5.474724336,6.26812385,6.425250349,6.432807038,5.872039841,5.613038004,5.55400201,5.515149737,5.602074009,5.715226515,5.926257159,5.893391681,5.925436715,4.928235465,4.624794365,4.49000652,4.50610719,4.528750237,4.58815478,4.82411913,4.931157004,
Luxembourg,LUX,Tax revenue (% of GDP),GC.TAX.TOTL.GD.ZS,,,,,,,,,,,,,16.09744224,16.61010659,17.05781183,19.961523,19.64152306,22.03984469,22.86777491,21.13709072,21.57554168,22.01996298,22.15287056,24.58563304,24.04653434,24.01885405,23.33811343,23.53081296,22.75881375,21.82813265,22.09734243,20.87230338,21.43039556,22.94553015,24.17609984,23.70617055,23.76686865,25.07889356,25.57443926,24.75653481,25.42283235,25.15272636,24.76225767,24.71170343,24.23608562,25.59576025,24.23872497,24.65648567,24.68836173,25.13892804,25.01762416,24.59234578,25.71065373,25.89443212,25.57324774,25.01584779,25.73511818,
Latvia,LVA,Tax revenue (% of GDP),GC.TAX.TOTL.GD.ZS,,,,,,,,,,,,,,,,,,,,,,,,,,,,,,,,,,,,19.34561082,18.67260207,22.25833147,23.63521481,22.67019026,20.77011164,20.69071393,19.9848332,20.24452801,20.41818419,21.54094055,22.24857235,21.71420672,20.82914995,18.83515035,19.81145988,20.04159177,21.10077671,21.97728221,22.41081737,22.7669211,23.88406893,
"Macao SAR, China",MAC,Tax revenue (% of GDP),GC.TAX.TOTL.GD.ZS,,,,,,,,,,,,,,,,,,,,,,,,,,,,,,,,,,,,,13.20323928,16.07125469,14.33851959,14.31723014,15.0420963,16.51565524,17.35024525,20.17363127,21.38427737,21.09794368,21.2552181,25.60047511,30.39433858,29.45998397,34.53298726,37.56298736,36.93783946,36.37696818,34.80529208,28.94865146,27.62800055,
Morocco,MAR,Tax revenue (% of GDP),GC.TAX.TOTL.GD.ZS,,,,,,,,,,,,,14.87256372,15.64206584,15.52772809,19.78797616,16.55255454,19.97950202,19.50538492,20.02643328,16.5553166,16.89785498,17.25772546,16.77698857,16.55957307,15.89648144,16.01770478,17.19631238,18.06249607,18.32957258,18.67672148,18.41541938,20.65142956,20.24770334,18.85493515,18.35120904,,19.40548746,19.16524702,19.87323876,,,19.07256603,18.78977248,18.97885165,20.97294126,21.45102144,23.90540285,26.49262558,23.45630398,22.81923338,23.29675614,,,,,,
Monaco,MCO,Tax revenue (% of GDP),GC.TAX.TOTL.GD.ZS,,,,,,,,,,,,,,,,,,,,,,,,,,,,,,,,,,,,,,,,,,,,,,,,,,,,,,,,,,
Moldova,MDA,Tax revenue (% of GDP),GC.TAX.TOTL.GD.ZS,,,,,,,,,,,,,,,,,,,,,,,,,,,,,,,,,,,,,12.08961716,18.28319857,18.73331743,15.05732708,14.72575237,12.17133767,12.88135437,14.67291369,16.35750648,18.48540374,19.57105102,20.56670079,20.4460968,17.68531332,18.1954702,18.27994789,18.64492684,18.39747289,19.81972334,19.50458132,19.29555308,
Madagascar,MDG,Tax revenue (% of GDP),GC.TAX.TOTL.GD.ZS,,,,,,,,,,,,,58.95007337,56.28197865,,,,,65.42355271,61.9967392,57.0655242,,,,,,,,52.46054335,44.20192677,9.430555247,6.902187648,8.587152929,8.161450912,7.689793863,8.315172807,8.47035807,9.350653407,,,11.32608304,9.738941155,7.669634194,10.00898251,10.87752385,10.1041884,10.66965596,11.4329106,,,,,,,,,,
Maldives,MDV,Tax revenue (% of GDP),GC.TAX.TOTL.GD.ZS,,,,,,,,,,,,,,,,,,,,,5.115408609,6.891452233,12.21995927,12.63183714,9.261658031,9.99113868,10.28976937,12.2840691,13.57065658,15.0869616,13.96231926,14.6140953,14.95898236,13.73453732,13.00458215,13.59638849,13.45217883,14.44550444,14.20024047,14.09157047,13.79611004,9.826307389,9.507925449,9.420701834,10.48943585,11.56937388,11.75644071,12.14744951,11.57888281,9.100667992,8.84762793,12.07813398,,,19.46368533,,,
Mexico,MEX,Tax revenue (% of GDP),GC.TAX.TOTL.GD.ZS,,,,,,,,,,,,,7.610619469,7.091172214,8,9.181818182,9.044493071,9.951325041,10.7402653,11.34289439,12.05816555,11.13105925,11.92080016,13.6361094,13.24352754,13.02990019,12.3333165,13.40896276,11.31646269,12.05339086,11.78268178,11.54614454,11.58802631,9.070611435,8.491921675,8.479624617,8.742981656,8.987730676,8.155611883,8.608136185,9.572861438,,,,,,,,10.02376764,9.67979614,10.11091344,10.01240299,9.773015348,10.29457867,10.6334131,12.80692763,13.55419995,
Marshall Islands,MHL,Tax revenue (% of GDP),GC.TAX.TOTL.GD.ZS,,,,,,,,,,,,,,,,,,,,,,,,,,,,,,,,,,,,,,,,,,,,,,,,,18.43017383,18.07050371,17.12037648,16.74290879,15.7817451,15.92474036,15.907718,17.49887172,17.79191138,
Mali,MLI,Tax revenue (% of GDP),GC.TAX.TOTL.GD.ZS,,,,,,,,,,,,,,,,,,,,,,,,,,,,,,,,,,,,,,,,,10.78507803,10.58547675,11.1732839,12.76795381,13.68704434,13.30025843,13.31614483,13.05597059,11.89578767,12.98622793,12.89285053,12.54521403,12.99131346,13.02560318,12.60925731,14.09450394,15.37572712,
Malta,MLT,Tax revenue (% of GDP),GC.TAX.TOTL.GD.ZS,,,,,,,,,,,,,21.17118907,22.01439629,20.6659997,18.87472189,17.73263658,18.35483092,19.15855318,,19.69424242,19.23403601,18.51096646,17.86284418,16.84151879,17.67666555,17.18032161,16.55215345,17.59891218,17.8970137,42.43432684,43.05083437,44.17204003,45.26292291,42.31400954,51.11117863,45.41982837,47.73310156,43.65175549,47.59669507,45.91492891,48.53345988,51.21400714,53.98873167,55.34448959,59.01567007,60.21603875,62.85861149,26.13144713,26.52748184,26.13967725,26.12808854,26.39670471,26.76069517,26.85873558,25.61880939,26.24297077,
Myanmar,MMR,Tax revenue (% of GDP),GC.TAX.TOTL.GD.ZS,,,,,,,,,,,,,,9.424797534,7.612796448,7.92264763,8.805191868,10.4564792,10.0094338,10.21141674,9.611748954,9.927705224,9.831022455,9.236698189,8.584435744,8.255193264,7.411736702,6.365541807,4.493526715,4.261787377,6.197784146,5.610206293,5.037396545,4.728010353,4.25171345,3.7444872,3.959317154,4.415239181,3.519309519,2.752748457,2.966507458,2.257140411,2.00104717,2.210411864,3.272456656,3.881778356,,,,,,,4.524093697,5.529567589,5.835804166,6.006033147,6.409253609,5.821478983
Montenegro,MNE,Tax revenue (% of GDP),GC.TAX.TOTL.GD.ZS,,,,,,,,,,,,,,,,,,,,,,,,,,,,,,,,,,,,,,,,,,,,,,,,,,,,,,,,,,
Mongolia,MNG,Tax revenue (% of GDP),GC.TAX.TOTL.GD.ZS,,,,,,,,,,,,,,,,,,,,,,,,,,,,,,,,,11.08136574,17.51732902,11.32416493,9.773956356,9.602347816,10.57243315,8.358672087,9.805817878,13.9101607,14.66205919,13.36924022,18.03874557,,,28.70997468,23.47917648,21.65181536,16.5402944,19.59311925,18.46699109,15.31214218,15.73120804,12.90163424,11.76281408,11.34885421,
Northern Mariana Islands,MNP,Tax revenue (% of GDP),GC.TAX.TOTL.GD.ZS,,,,,,,,,,,,,,,,,,,,,,,,,,,,,,,,,,,,,,,,,,,,,,,,,,,,,,,,,,
Mozambique,MOZ,Tax revenue (% of GDP),GC.TAX.TOTL.GD.ZS,,,,,,,,,,,,,,,,,,,,,,,,,,,,,,,,,,,,,,,,,,,,,,,,,,,16.1235136,18.7033648,20.36511646,23.12637099,25.40253745,21.91349166,20.09443673,
Mauritania,MRT,Tax revenue (% of GDP),GC.TAX.TOTL.GD.ZS,,,,,,,,,,,,,,,,,,,,,,,,,,,,,,,,,,,,,,,,,,,,,,,,,,,,,,,,,,
Mauritius,MUS,Tax revenue (% of GDP),GC.TAX.TOTL.GD.ZS,,,,,,,,,,,,,,,,,20.03699509,19.63269854,17.65513461,16.43227442,18.33735778,17.56846872,16.59042917,19.01047353,19.43575696,17.9352424,17.70379633,17.73821138,19.18551465,20.00910468,19.64680527,20.29344156,19.15028933,18.1006276,18.28150661,16.11421661,14.81298708,15.9934846,15.99336207,16.95371298,17.25243891,15.398099,15.2395088,16.68844106,16.73148941,17.81920679,16.02867142,15.10546176,16.96721946,18.07301307,18.01671337,18.00451841,18.62170749,18.36660875,18.46618647,8.993956959,18.12841351,
Malawi,MWI,Tax revenue (% of GDP),GC.TAX.TOTL.GD.ZS,,,,,,,,,,,,,,,,,,,,,,,,,,,,,,,,,,,,,,,,,,,,,,,,,,14.4658536,15.3729139,15.45184375,13.55707479,14.1290373,15.934136,15.24219537,15.48908132,17.28792384
Malaysia,MYS,Tax revenue (% of GDP),GC.TAX.TOTL.GD.ZS,,,,,,,,,,,,,,,,,,,,,,,,,,,,,,,,,,,,,19.37800269,19.75336681,16.73009843,14.0936143,13.6669089,17.79488881,17.44700062,15.49565512,15.1990617,14.82639106,14.51622131,14.30372284,14.6629773,14.94050441,13.33219531,14.79435317,15.61314674,15.31023528,14.84079071,14.29020586,13.76638865,
Namibia,NAM,Tax revenue (% of GDP),GC.TAX.TOTL.GD.ZS,,,,,,,,,,,,,,,,,,,,,,,,,,,,,,,22.89212112,26.81545002,24.96891545,26.39627635,24.28637318,25.24727211,24.25333463,27.00872028,26.00619214,28.27759153,27.52385029,26.38771848,25.96843763,23.17199994,24.2814188,25.75504946,29.13719123,30.90927303,30.08915621,29.44723827,25.91213351,29.98127587,32.93275144,31.53881738,33.64857399,32.50059442,28.5335403,
New Caledonia,NCL,Tax revenue (% of GDP),GC.TAX.TOTL.GD.ZS,,,,,,,,,,,,,,,,,,,,,,,,,,,,,,,,,,,,,,,,,,,,,,,,,,,,,,,,,,
Niger,NER,Tax revenue (% of GDP),GC.TAX.TOTL.GD.ZS,,,,,,,,,,,,,,,,,,,,,,,,,,,,,,,,,,,,,,,,,,,,,,,,,,,,,,,,,,
Nigeria,NGA,Tax revenue (% of GDP),GC.TAX.TOTL.GD.ZS,,,,,,,,,,,,,,,,,,,,,,,,,,,,,,,,,,,,,,,,,,,,1.533860459,0.905461723,2.874724713,2.408365272,3.976904367,5.459098575,5.108959913,2.268459957,1.804331165,1.556757245,1.482533668,,,,
Nicaragua,NIC,Tax revenue (% of GDP),GC.TAX.TOTL.GD.ZS,,,,,,,,,,,,,,,,,,,,,,,,,,,,,,,26.26583735,18.23936737,19.84950915,18.98088283,8.993665941,9.402734402,9.494441288,10.58909176,11.03648306,10.71894637,10.64687011,9.802508066,10.39549911,11.7208159,12.18817918,12.89980348,13.68420847,13.86208708,13.20167605,13.13766095,13.67836655,14.51970305,15.00914108,15.02043496,15.31622783,15.76960051,16.29122319,
Netherlands,NLD,Tax revenue (% of GDP),GC.TAX.TOTL.GD.ZS,,,,,,,,,,,,,,22.7509962,21.49055412,22.62548145,22.59269381,23.69737809,23.4895136,23.41891832,23.37311909,22.18729431,21.96628312,21.05480878,20.41832488,20.60523464,21.53347789,22.82657502,22.90137132,22.17642646,23.58726173,24.80773734,23.9420823,24.63042302,22.12919056,21.10216665,21.6738424,21.26994391,21.02821623,21.42740058,21.19867607,21.53615722,21.3997545,20.56798198,20.39206854,21.41533589,21.77544664,21.93060266,21.37498572,20.9771027,21.34527927,20.39867544,19.60819265,19.92637281,20.87199551,21.45314189,22.17661651,
Norway,NOR,Tax revenue (% of GDP),GC.TAX.TOTL.GD.ZS,,,,,,,,,,,,,22.95167975,20.68992057,20.46229859,20.3859202,21.53182507,22.08057275,21.81944171,22.23869891,25.11381524,26.25029793,25.31305262,24.5587192,24.53236615,25.65460294,25.62118392,23.62811577,22.15427566,20.47767892,21.30451018,21.57610491,20.73649632,20.73649755,21.74282775,23.46904448,24.44766403,24.29678163,24.13427878,24.36452211,26.78935941,26.1294209,27.12845497,25.86407988,27.32436541,28.19891178,28.89692287,28.11028036,27.86564893,25.88094429,26.8212029,27.67624488,26.96184092,25.07716443,23.46595523,22.08936422,21.99383901,
Nepal,NPL,Tax revenue (% of GDP),GC.TAX.TOTL.GD.ZS,,,,,,,,,,,,,,,,,,,,,,,,,,,,,,,6.996692968,6.620301936,6.483344072,6.654637356,7.729134048,8.985513859,8.719914187,8.723659866,8.639332547,8.422505233,8.735981111,8.802565688,8.560583141,8.651811853,8.9749585,9.179453421,8.77975841,9.772473404,10.44008641,11.84403686,13.39611544,13.25974385,13.86216857,15.29282111,15.90397662,16.70976224,18.73515133,21.3018087
Nauru,NRU,Tax revenue (% of GDP),GC.TAX.TOTL.GD.ZS,,,,,,,,,,,,,,,,,,,,,,,,,,,,,,,,,,,,,,,,,,,,,,,,,,,,,,,,,,
New Zealand,NZL,Tax revenue (% of GDP),GC.TAX.TOTL.GD.ZS,,,,,,,,,,,,,23.83663366,25.60623865,28.09957856,27.68990092,27.54079588,29.55894555,28.08534531,29.36824686,29.44388861,30.36378669,30.28181655,28.10511905,28.34722091,29.37124582,30.18307939,33.27757914,32.4729569,,,,,,,,,,,,,28.55763254,28.20805365,29.24813843,29.25812058,30.31327891,31.96581296,30.08199266,31.49031996,29.59184625,26.06159031,25.55528881,26.82149208,26.64635666,26.80620125,27.40553176,27.18544055,
Oman,OMN,Tax revenue (% of GDP),GC.TAX.TOTL.GD.ZS,,,,,,,,,,,,,,,,,,,,,,,,,,,,,,,9.361436934,7.507796735,6.992627248,6.143309185,7.122581684,7.425901151,7.536217081,8.762624189,6.794900722,6.686475011,1.662533664,1.80899282,1.997443479,2.038902647,1.947151739,1.9973224,1.944162969,2.704272701,2.41565285,3.387744352,2.54213234,2.272414057,2.601146268,2.523721666,,,,
Pakistan,PAK,Tax revenue (% of GDP),GC.TAX.TOTL.GD.ZS,,,,,,,,,,,,,,10.39732031,11.87523731,10.84210691,10.89200374,11.02185074,11.53617266,12.27160234,13.33017817,13.53434296,12.67865411,12.7883264,13.2683983,12.3295854,13.47301972,,13.17122465,13.70804569,,,,,,,,12.74247296,12.8290938,13.16532006,10.08899115,10.04260699,10.31131096,10.78383837,10.28454521,9.604414425,10.38526514,9.234737688,9.493557486,8.943092449,9.97542476,9.188676788,,,,,,
Panama,PAN,Tax revenue (% of GDP),GC.TAX.TOTL.GD.ZS,,,,,,,,,,,,,,,,,,,,,,,,,,,,,,,,,,,,,,,,,,,,,,,,,,,,,,,,,,
Peru,PER,Tax revenue (% of GDP),GC.TAX.TOTL.GD.ZS,,,,,,,,,,,,,12.65359002,10.81125344,11.00086063,11.55773155,11.22907434,11.6716743,12.4930216,13.80688285,17.96171377,15.11632987,14.79299342,11.89773092,13.04040973,14.96299404,13.38210985,9.974415853,9.663582676,7.921659024,10.72389521,10.92277447,11.92571454,12.05260808,12.97214417,13.68475757,14.19981417,14.39876053,14.23480496,12.9941893,12.6086475,12.89710563,12.48714263,13.41152116,13.66336894,14.10474219,15.6699876,16.40746835,16.51217092,14.45652681,15.46657176,15.96889515,16.5466871,16.42956092,16.69571159,14.91015298,13.81708901,
Philippines,PHL,Tax revenue (% of GDP),GC.TAX.TOTL.GD.ZS,,,,,,,,,,,,,,,,,,,,,,,,,,,,,,,14.08232357,14.60523986,15.44179721,15.61049254,16.02574705,16.29197183,16.93863776,16.98428717,14.10831608,13.30640421,12.84626379,12.69319142,12.09116828,12.10175226,11.81598762,12.42728273,13.71187088,13.53488654,13.58939442,12.22990875,12.14699206,12.38154015,12.88795126,13.3095109,13.60544233,13.62760378,13.67677884,
Palau,PLW,Tax revenue (% of GDP),GC.TAX.TOTL.GD.ZS,,,,,,,,,,,,,,,,,,,,,,,,,,,,,,,,,,,,,,,,,,,,,,,,,16.65292288,15.98531858,17.02031242,18.31138964,17.9871266,18.36234454,19.21003721,19.31439535,19.67187656,
Papua New Guinea,PNG,Tax revenue (% of GDP),GC.TAX.TOTL.GD.ZS,,,,,,,,,,,,,,,,,,,,,,,,,,,,,,,20.07346726,17.73352563,18.28415818,19.86439564,20.59600745,19.72715386,22.46318454,23.7232047,20.48029115,21.78816746,18.975965,24.6964497,21.01324696,,,,,,,,,,,,18.0269556,16.02772802,13.50434887,
Poland,POL,Tax revenue (% of GDP),GC.TAX.TOTL.GD.ZS,,,,,,,,,,,,,,,,,,,,,,,,,,,,,,,,,,,22.78268073,22.39361964,21.68975609,20.93638306,20.18714041,18.09763147,16.9937834,16.08833616,16.87393677,16.74547539,15.70174329,16.51704043,17.18591095,18.1252184,18.16356665,15.93045661,16.54994333,16.69128122,15.96452736,15.56236213,15.50283788,15.60888345,16.20332534,
Puerto Rico,PRI,Tax revenue (% of GDP),GC.TAX.TOTL.GD.ZS,,,,,,,,,,,,,,,,,,,,,,,,,,,,,,,,,,,,,,,,,,,,,,,,,,,,,,,,,,
"Korea, Dem. People’s Rep.",PRK,Tax revenue (% of GDP),GC.TAX.TOTL.GD.ZS,,,,,,,,,,,,,,,,,,,,,,,,,,,,,,,,,,,,,,,,,,,,,,,,,,,,,,,,,,
Portugal,PRT,Tax revenue (% of GDP),GC.TAX.TOTL.GD.ZS,,,,,,,,,,,,,,11.48520587,11.77853187,12.31293776,13.84242464,14.11137515,13.45565008,13.76633375,15.17935645,16.08977948,16.5930848,18.33616923,18.00886141,17.6141849,17.54952655,15.57289422,16.98506011,17.73737566,17.6667632,18.28933793,20.02429196,18.58478879,19.35183338,19.78972974,20.61201798,20.38898481,20.53204972,21.05742784,21.01215412,20.63181937,20.94156972,20.90846966,19.9329892,20.47417275,21.06590959,21.3312418,21.03196341,19.17956064,19.69832159,21.23463396,20.88257905,22.7506508,22.72343063,22.86070611,22.53094222,
Paraguay,PRY,Tax revenue (% of GDP),GC.TAX.TOTL.GD.ZS,,,,,,,,,,,,,,,,,,,,,,,,,,,,,,,,,,,,,,,,,,,,,,10.15986579,10.53361341,10.14542763,10.7677598,11.68670839,12.06319603,12.59733605,12.79424138,11.95224266,12.74207172,12.92326225,12.57954356,13.1908617
West Bank and Gaza,PSE,Tax revenue (% of GDP),GC.TAX.TOTL.GD.ZS,,,,,,,,,,,,,,,,,,,,,,,,,,,,,,,,,,,,,,,,,,,,,,4.940211045,4.600788518,4.633400535,5.059761418,5.218103385,5.450001319,5.251954108,4.562387893,4.805542849,5.712687509,5.596604103,,
Qatar,QAT,Tax revenue (% of GDP),GC.TAX.TOTL.GD.ZS,,,,,,,,,,,,,,,,,,,,,,,,,,,,,,,,,,,,,,,,,,,,,25.50799917,20.34400999,20.05140103,20.60526994,15.92319227,19.92445069,14.65495096,,,,,,,
Romania,ROU,Tax revenue (% of GDP),GC.TAX.TOTL.GD.ZS,,,,,,,,,,,,,,,,,,,,,,4.388327722,4.074786912,4.024977234,4.052199485,4.201834862,4.46458383,4.463377115,4.526254376,5.1175,23.05630027,22.52189301,22.41292377,19.66235439,17.78714284,17.29726906,16.00122127,16.91067418,17.61693493,16.94809245,17.87381898,16.50186939,16.45037018,17.16276475,17.13696936,17.24995938,17.72767657,17.40509442,16.84102475,15.40496324,16.57184774,17.98682851,17.88154976,17.55313308,17.8966318,18.87617983,16.80889071,
Russian Federation,RUS,Tax revenue (% of GDP),GC.TAX.TOTL.GD.ZS,,,,,,,,,,,,,,,,,,,,,,,,,,,,,,,,,,,,,,,,11.24295074,13.72562144,15.77866855,13.64919151,13.3140302,13.23402539,16.62290968,16.56821576,16.55131965,15.81808667,12.95635861,13.04836045,13.91518992,13.74246826,12.90728463,13.22696617,10.6038346,9.126363212,
Rwanda,RWA,Tax revenue (% of GDP),GC.TAX.TOTL.GD.ZS,,,,,,,,,,,,,,8.631147895,10.18131049,7.521318803,9.906255355,10.90185737,9.71992482,11.70219398,10.46763593,,,,,,,,,10.82692927,8.78380627,9.260063961,9.048258736,,,,,,,,,,,,,,,,,,,,,,13.31802943,13.7000979,14.78964789,
Saudi Arabia,SAU,Tax revenue (% of GDP),GC.TAX.TOTL.GD.ZS,,,,,,,,,,,,,,,,,,,,,,,,,,,,,,,,,,,,,,,,,,,,,,,,,,,,,,,,,,
Sudan,SDN,Tax revenue (% of GDP),GC.TAX.TOTL.GD.ZS,,,,,,,,,,,,,,,,,,,,,,,,,,,,,,,,,,,,,,,,,,,,,,,,,,,,,,,,,,
Senegal,SEN,Tax revenue (% of GDP),GC.TAX.TOTL.GD.ZS,,,,,,,,,,,,,,,,,,,,,,,,,,,,,,,,,,,,,14.25077667,14.70740536,14.78942736,15.50904478,16.12957601,16.11536342,,,,,,,,17.97324627,18.66227936,18.9729772,18.95103132,,19.6238999,20.62642976,20.54059196,
Singapore,SGP,Tax revenue (% of GDP),GC.TAX.TOTL.GD.ZS,,,,,,,,,,,,,14.55842653,14.7949214,15.07835597,16.5719697,15.99797359,16.7272149,15.93751534,16.04371688,16.99699189,17.88450701,18.92269015,18.77016018,17.67541125,15.67709112,12.74774014,13.09158837,14.09102665,15.70942304,14.54317496,15.17876806,16.09527935,16.27929523,16.59357413,15.7543269,15.87957858,15.30625624,14.03441013,14.53197575,14.89307744,14.66862448,12.77107014,12.52871373,11.69058272,11.61245603,11.89771542,12.88885743,13.8535718,13.07234383,12.96902759,13.26644026,13.78687528,13.40734038,13.70066297,13.30856576,13.70826215,
Solomon Islands,SLB,Tax revenue (% of GDP),GC.TAX.TOTL.GD.ZS,,,,,,,,,,,,,,,,,,,,,,,,,,,,,,,,,,,,,,,,,,,,,,,,,,,,28.69651185,29.16214069,30.28309942,29.16146469,29.15552725,26.6821965,
Sierra Leone,SLE,Tax revenue (% of GDP),GC.TAX.TOTL.GD.ZS,,,,,,,,,,,,,,,,,,,,,,,,,,,,,,,5.316813368,7.469949601,10.12836029,11.83426121,12.13167107,9.042316191,7.661274511,9.911215127,7.199662902,6.294231686,10.16043395,8.891576229,8.494506922,8.23541876,8.15932638,8.084754845,8.433569821,7.875609227,8.21251555,8.412002035,9.080792071,9.308298398,9.51364637,9.119271577,8.595215982,,,
El Salvador,SLV,Tax revenue (% of GDP),GC.TAX.TOTL.GD.ZS,,,,,,,,,,,,,,,,,,,,,,,,,,,,,,,,,,,,,,,9.879789825,10.43175691,10.6054957,13.30670083,12.09947074,12.67829709,12.65445486,14.51081642,15.67011126,16.74489602,17.0602069,14.97703393,15.81207865,15.34403071,16.18243356,17.06525647,16.71443892,16.94953528,17.5574124,
San Marino,SMR,Tax revenue (% of GDP),GC.TAX.TOTL.GD.ZS,,,,,,,,,,,,,,,,,,,,,,,,,,,,,,,,,,,,,,,,,,,16.5085467,15.41523672,14.52427954,15.44050465,15.70469071,15.49411779,15.3668311,14.73831958,13.69974029,14.24046369,16.06160278,15.35354228,,16.17453796,15.39581499,
Somalia,SOM,Tax revenue (% of GDP),GC.TAX.TOTL.GD.ZS,,,,,,,,,,,,,,,,,,,,,,,,,,,,,,,,,,,,,,,,,,,,,,,,,,,,,,,,,,
Serbia,SRB,Tax revenue (% of GDP),GC.TAX.TOTL.GD.ZS,,,,,,,,,,,,,,,,,,,,,,,,,,,,,,,,,,,,,,,,,,,,,,,,22.82560197,22.407752,21.20004486,21.43866019,20.19942118,19.72138663,,,,,
South Sudan,SSD,Tax revenue (% of GDP),GC.TAX.TOTL.GD.ZS,,,,,,,,,,,,,,,,,,,,,,,,,,,,,,,,,,,,,,,,,,,,,,,,,,,,,,,,,,
Sao Tome and Principe,STP,Tax revenue (% of GDP),GC.TAX.TOTL.GD.ZS,,,,,,,,,,,,,,,,,,,,,,,,,,,,,,,,,,,,,,,,,,,10.13126581,10.71362233,12.55749551,11.03874874,16.06400543,16.33479718,14.87537036,15.16183441,17.71198407,17.66484627,14.61262943,,,,,
Suriname,SUR,Tax revenue (% of GDP),GC.TAX.TOTL.GD.ZS,,,,,,,,,,,,,,,,,,,,,,,,,,,,,,,,,,,,,,,,,,28.71100196,20.67673867,21.53573723,21.02537761,20.5458508,16.74933293,18.86550986,17.34874219,17.21853739,15.65670723,18.4520472,19.54745057,,,,,
Slovak Republic,SVK,Tax revenue (% of GDP),GC.TAX.TOTL.GD.ZS,,,,,,,,,,,,,,,,,,,,,,,,,,,,,,,,,,,,23.25539788,21.42004028,20.42270573,20.10885592,19.69795439,18.46661873,17.23454329,17.07472634,17.63927149,17.24557193,17.96072494,16.75461081,16.71579872,16.40637863,15.48443927,14.99047283,15.50155071,14.97135083,15.92241367,16.69956003,17.59772491,17.44622807,
Slovenia,SVN,Tax revenue (% of GDP),GC.TAX.TOTL.GD.ZS,,,,,,,,,,,,,,,,,,,,,,,,,,,,,,,,,,,,19.49776296,20.12843477,19.81502828,20.5213458,20.85848727,20.04390177,19.95027883,20.43915302,20.62191523,20.60106635,21.06720118,20.83755211,20.02955902,19.39492279,18.04130246,18.11282925,17.91762013,17.95506951,18.00613113,18.17819515,18.49885581,18.55501345,
Sweden,SWE,Tax revenue (% of GDP),GC.TAX.TOTL.GD.ZS,,,,,,,,,,,,,19.30372011,17.83945641,17.31575593,16.71655815,19.64228165,20.25626287,18.57420633,17.04468164,16.53618157,16.95092538,16.60467296,17.07601975,17.94384969,20.48213674,19.42057088,21.87861412,21.98234547,21.59202688,21.92918767,19.94841145,17.38701232,15.66765455,15.01519405,26.85273965,27.45342322,27.68037416,29.91329241,30.46704566,30.02170262,27.97819323,26.85269639,26.90130819,27.21738681,28.49947306,28.49234983,28.44886024,27.02636882,26.93828723,27.11069962,26.48744987,26.0686333,26.24819326,26.30096727,26.98580429,27.65461421,
Sint Maarten (Dutch part),SXM,Tax revenue (% of GDP),GC.TAX.TOTL.GD.ZS,,,,,,,,,,,,,,,,,,,,,,,,,,,,,,,,,,,,,,,,,,,,,,,,,,,,,,,,,,
Seychelles,SYC,Tax revenue (% of GDP),GC.TAX.TOTL.GD.ZS,,,,,,,,,,,,,,,,,,,,,,,,,,30.6581459,31.95856214,34.85929304,35.99450292,36.78675189,,,,35.35999348,31.96714646,27.63522169,26.93784497,26.96494204,26.43613532,27.21809933,26.08089261,,,,,27.30000996,24.69255027,23.25125933,22.36789046,25.2417028,27.85138935,31.49106655,30.40517834,28.06605574,30.08247283,29.59858344,31.67351154,
Syrian Arab Republic,SYR,Tax revenue (% of GDP),GC.TAX.TOTL.GD.ZS,,,,,,,,,,,,,,,,,,,,,,,,,,,,,,,16.71200918,18.08970228,19.39617361,17.46057449,17.4698331,18.62901178,15.64274517,,15.97696992,18.10858853,15.42475179,19.00545033,18.05815821,18.82293469,16.40245009,13.82439901,14.58074165,14.19468279,,,,,,,,,,
Turks and Caicos Islands,TCA,Tax revenue (% of GDP),GC.TAX.TOTL.GD.ZS,,,,,,,,,,,,,,,,,,,,,,,,,,,,,,,,,,,,,,,,,,,,,,,,,,,,,,,,,,
Chad,TCD,Tax revenue (% of GDP),GC.TAX.TOTL.GD.ZS,,,,,,,,,,,,,,,,,,,,,,,,,,,,,,,,,,,,,,,,,,,,,,,,,,,,,,,,,,
Togo,TGO,Tax revenue (% of GDP),GC.TAX.TOTL.GD.ZS,,,,,,,,,,,,,,,,,,,,,,,,,,,,,,,,,,,,,,,,,,,,,15.31041268,13.88488385,14.81058695,16.19504622,14.90892341,15.33883834,15.70321284,16.44379747,16.60054684,20.01713904,,21.79280261,21.93498858,
Thailand,THA,Tax revenue (% of GDP),GC.TAX.TOTL.GD.ZS,,,,,,,,,,,,,11.04115235,10.17334549,12.58381061,11.193868,10.7838382,11.60892172,11.66140898,12.37412805,13.14314967,13.47697636,12.64055577,14.13958244,14.10679378,13.6878369,13.61614666,13.64999061,14.80673226,15.58057288,16.90732301,17.41350398,15.59178399,15.39921537,16.03568902,16.44095031,16.72621402,16.10551687,13.78814985,12.88922905,12.97672522,13.07018898,13.47031276,14.4815711,14.8533544,16.06186448,15.63697224,15.14314655,15.38488165,14.194247,14.93263926,16.36185216,15.44094067,16.9091105,15.62227097,16.02808773,15.50989689,
Tajikistan,TJK,Tax revenue (% of GDP),GC.TAX.TOTL.GD.ZS,,,,,,,,,,,,,,,,,,,,,,,,,,,,,,,,,,,,,,,,,,,,,,,,,,,,,,,,,,
Turkmenistan,TKM,Tax revenue (% of GDP),GC.TAX.TOTL.GD.ZS,,,,,,,,,,,,,,,,,,,,,,,,,,,,,,,,,,,,,,,,,,,,,,,,,,,,,,,,,,
Timor-Leste,TLS,Tax revenue (% of GDP),GC.TAX.TOTL.GD.ZS,,,,,,,,,,,,,,,,,,,,,,,,,,,,,,,,,,,,,,,,,,,,,,,,,,,24.29847486,24.85897536,25.68480511,23.18837661,22.46803729,18.52656021,9.817997615,
Tonga,TON,Tax revenue (% of GDP),GC.TAX.TOTL.GD.ZS,,,,,,,,,,,,,,,,,,,,,,,,,,,,,,,,,,,,,,,,,,,,,,,,,,,,,,,,,,
Trinidad and Tobago,TTO,Tax revenue (% of GDP),GC.TAX.TOTL.GD.ZS,,,,,,,,,,,,,,,,,29.58870323,32.62133602,28.74988203,29.18213284,35.6508085,34.844169,,,,,,,,,,,,22.24645714,20.81660224,21.84269223,22.58331261,20.83371665,20.56876396,18.52521969,19.47238406,22.12128594,20.45549831,21.30154983,22.02505646,26.3787008,30.25758765,25.99529034,29.48840531,26.82740606,26.24401846,25.6437422,26.44624939,,27.12529241,,,
Tunisia,TUN,Tax revenue (% of GDP),GC.TAX.TOTL.GD.ZS,,,,,,,,,,,,,17.78922717,18.95248849,17.86406512,20.22510624,19.94826694,21.26921849,22.61765772,21.79671458,20.9913854,21.63863527,22.78120057,23.06769464,22.97891585,21.99962954,22.5168985,20.56177118,20.50088908,20.1514093,19.95340107,20.38441075,20.49935064,21.00797927,20.76414271,20.48581381,19.83761925,18.44103315,19.18316383,19.13116645,19.29243408,19.59743594,19.54050588,18.74521178,18.67214575,18.87750472,18.51010868,19.07081883,20.50181118,20.04816181,20.13908603,21.19310552,21.12788966,,,,,
Turkey,TUR,Tax revenue (% of GDP),GC.TAX.TOTL.GD.ZS,,,,,,,,,,,,,13.4209616,14.31318681,13.17063332,14.72230841,16.26579203,16.66193316,16.51178962,14.59270725,14.33869919,15.2689533,,13.93806901,10.80096922,11.34561411,11.72819518,12.14195571,11.0271659,11.24919113,11.55833127,12.49517351,12.9688266,13.34277157,15.2014677,13.9767747,15.19952105,19.05053839,14.67894903,,,,,,,,,,17.69632424,18.26135793,19.40536961,18.74408605,18.39275843,18.53188787,18.0698217,18.23818729,18.3247743,
Tuvalu,TUV,Tax revenue (% of GDP),GC.TAX.TOTL.GD.ZS,,,,,,,,,,,,,,,,,,,,,,,,,,,,,,,,,,,,,,,,,,,,,,,,,,,,,,,,,,
Tanzania,TZA,Tax revenue (% of GDP),GC.TAX.TOTL.GD.ZS,,,,,,,,,,,,,,,,,,,,,,,,,,,,,,,,,,,,,,,,,,,,,,,,,,,,,,,11.86587904,,,
Uganda,UGA,Tax revenue (% of GDP),GC.TAX.TOTL.GD.ZS,,,,,,,,,,,,,,,,,,,,,,,,,,,,,,,,,,,,,,,,,,,,,,,,,,,,,,,,12.92853065,13.48635587,
Ukraine,UKR,Tax revenue (% of GDP),GC.TAX.TOTL.GD.ZS,,,,,,,,,,,,,,,,,,,,,,,,,,,,,,,,,,,,,,,,12.99175088,14.10037044,12.06136442,13.09870182,13.65447799,13.27565613,17.12308473,17.74754527,16.48459689,17.86265664,16.37176532,15.57052141,18.5150528,18.31655714,17.56138078,17.29434784,20.45136542,19.64811752,
Uruguay,URY,Tax revenue (% of GDP),GC.TAX.TOTL.GD.ZS,,,,,,,,,,,,,13.68094992,10.44732195,12.71035527,12.23612691,15.52333454,15.84769476,16.02307268,14.44700072,15.82577762,16.73906481,14.00555378,15.12129764,13.86925665,15.94975265,16.76322844,15.96544635,15.18910308,14.53217809,16.2025864,16.79324032,17.24085747,19.38949411,19.03440938,16.87875803,17.35110223,16.78079246,16.98284177,15.27828517,14.69913704,15.30598158,15.77767622,17.2060059,17.84620462,17.89692197,18.98805557,18.41050909,18.24184127,18.72222095,18.88638874,19.1018313,18.82188561,19.04141239,18.56672287,18.5094794,23.70930472,
United States,USA,Tax revenue (% of GDP),GC.TAX.TOTL.GD.ZS,,,,,,,,,,,,,11.78916277,11.46968007,11.81024325,11.15918251,10.72493578,11.59567027,11.51800646,11.98187181,12.11631071,12.53520758,11.9743222,10.33660909,10.15197146,10.36571366,10.13974474,10.91511939,10.56328174,10.7517322,10.43650324,10.29374107,9.955195503,10.27473433,10.59222809,10.94615648,11.33589154,11.78565641,12.29408456,12.22260591,12.9281339,11.81316881,9.824319058,9.342757633,9.492625945,10.63710207,11.27455707,11.2885012,10.30845227,7.935908958,8.610805719,9.589084263,9.821101555,10.57720518,11.00162392,11.239375,10.89324666,
Uzbekistan,UZB,Tax revenue (% of GDP),GC.TAX.TOTL.GD.ZS,,,,,,,,,,,,,,,,,,,,,,,,,,,,,,,,,,,,,,,,,,,,,,,,,,,,16.20787858,17.16468708,17.50574004,17.25559716,17.46726517,17.25265854,
"Venezuela, RB",VEN,Tax revenue (% of GDP),GC.TAX.TOTL.GD.ZS,,,,,,,,,,,,,,,,,,,,,,,,,,,,,,,,,,,,,,,,,,,,,,,,,,,,,,,,,,
Virgin Islands (U.S.),VIR,Tax revenue (% of GDP),GC.TAX.TOTL.GD.ZS,,,,,,,,,,,,,,,,,,,,,,,,,,,,,,,,,,,,,,,,,,,,,,,,,,,,,,,,,,
Vietnam,VNM,Tax revenue (% of GDP),GC.TAX.TOTL.GD.ZS,,,,,,,,,,,,,,,,,,,,,,,,,,,,,,,,,,,18.30407653,18.74552191,19.29854872,16.93306932,16.32997892,16.22535268,16.51050842,18.71887304,19.8450058,20.73053242,21.65811323,20.8970581,22.18771342,21.47236577,22.40083364,20.56480146,22.32388309,22.20844065,18.97650196,19.0698671,,,,
Vanuatu,VUT,Tax revenue (% of GDP),GC.TAX.TOTL.GD.ZS,,,,,,,,,,,,,,,,,,,,,,,,,,,,,,,21.52087153,,,,,19.08248484,19.79847395,19.28499157,17.73499163,17.1253469,,,,,,,,,,16.02450898,15.4991754,15.98577738,16.62893558,17.24116592,17.37814446,16.74526205,16.64980502,
Samoa,WSM,Tax revenue (% of GDP),GC.TAX.TOTL.GD.ZS,,,,,,,,,,,,,,,,,,,,,,,,,,,,,,,,,,,,,,,,,,,,,,,,,,,21.69453395,19.39774044,19.55715107,22.07993525,23.05808371,22.68011779,24.20873909,24.2595398
Kosovo,XKX,Tax revenue (% of GDP),GC.TAX.TOTL.GD.ZS,,,,,,,,,,,,,,,,,,,,,,,,,,,,,,,,,,,,,,,,,,,,,,,,,,,,,,,,,,
"Yemen, Rep.",YEM,Tax revenue (% of GDP),GC.TAX.TOTL.GD.ZS,,,,,,,,,,,,,,,,,,,,,,,,,,,,,,,,,,,,,,,,,,,,,,,,,,,,,,,,,,
South Africa,ZAF,Tax revenue (% of GDP),GC.TAX.TOTL.GD.ZS,,,,,,,,,,,,,17.24936046,17.79144122,17.43702519,18.33534379,18.22551761,19.08681999,19.14720862,19.29994437,19.17589899,18.59773579,19.85719822,19.75459493,20.95894973,22.70725113,21.85509012,21.69525172,22.76539992,25.30204908,23.11194062,22.90376777,20.62164634,21.7752299,21.53464199,22.42023871,23.20649973,23.53245619,24.3884263,24.13044338,23.34368567,24.18558057,23.27841514,23.03754961,24.28209502,25.74329543,27.26987061,27.59603925,26.81321687,24.3968023,25.0415044,25.17982352,25.58813186,26.04390961,26.54119201,27.33622144,27.09698111,
Zambia,ZMB,Tax revenue (% of GDP),GC.TAX.TOTL.GD.ZS,,,,,,,,,,,,,,,,,,,,,,,,,,,,,,,19.48288336,17.4938312,18.71092625,15.04017112,17.23651829,15.68950016,16.10561795,16.05009567,16.18818713,16.95430849,,16.54070446,15.44001287,14.85951988,15.31705863,14.7947686,13.7115293,13.86710451,14.21847002,12.49872747,13.24762392,17.12016399,16.15065417,15.66962509,16.96957841,16.83081463,14.93719377,
Zimbabwe,ZWE,Tax revenue (% of GDP),GC.TAX.TOTL.GD.ZS,,,,,,,,,,,,,,,,,,,,,,,,,,,,,,,,,,,,,,,,,,,,,,,,,,10.31079296,20.70087203,20.89712295,21.43246823,,,,,
